754551585805.000000 0.000002 0.000004	0.000004	0.000000	0.000004	0.000000	0.000003	0.000000	0.000003	0.000000	-0.000003	0.000000	-0.000003	0.000000	1985426.299292
754551620206.000000 0.016555 0.016560	0.016563	0.000000	0.016563	0.000005	0.012688	0.000000	0.012688	0.000003	-0.010646	0.000000	-0.010646	0.000003	-19454.782335
754551646911.000000 0.012853 0.029411	0.045971	0.000000	0.045971	0.000022	0.035216	0.000000	0.035216	0.000017	-0.029550	0.000000	-0.029550	0.000014	-17744.968102
754551675986.000000 0.013993 0.043401	0.089367	0.000000	0.089367	0.000076	0.068459	0.000000	0.068459	0.000058	-0.057444	0.000000	-0.057444	0.000049	-16359.039809
754551707790.000000 0.015306 0.058704	0.148066	0.000000	0.148066	0.000209	0.113425	0.000000	0.113425	0.000160	-0.095175	0.000000	-0.095175	0.000134	-14506.447210
754551734876.000000 0.013036 0.071739	0.219798	0.000000	0.219798	0.000415	0.168375	0.000000	0.168375	0.000318	-0.141283	0.000000	-0.141283	0.000267	-11684.856672
754551763762.000000 0.013902 0.085638	0.305427	0.000000	0.305427	0.000778	0.233970	0.000000	0.233970	0.000596	-0.196324	0.000000	-0.196324	0.000500	-9324.771795
754551795699.000000 0.015370 0.101006	0.406423	0.000000	0.406423	0.001409	0.311338	0.000000	0.311338	0.001080	-0.261243	0.000000	-0.261243	0.000906	-6487.263616
754551828241.000000 0.015661 0.116664	0.523075	0.000000	0.523075	0.002365	0.400699	0.000000	0.400699	0.001812	-0.336226	0.000000	-0.336226	0.001520	-2906.228291
754551855085.000000 0.012919 0.129582	0.652645	0.000000	0.652645	0.003458	0.499955	0.000000	0.499955	0.002649	-0.419512	0.000000	-0.419512	0.002223	2014.939539
754551884359.000000 0.014089 0.143669	0.796299	0.000000	0.796299	0.005069	0.610000	0.000000	0.610000	0.003883	-0.511851	0.000000	-0.511851	0.003259	5457.353133
754551915591.000000 0.015031 0.158697	0.954979	0.000000	0.954979	0.007347	0.731557	0.000000	0.731557	0.005628	-0.613849	0.000000	-0.613849	0.004723	9919.635429
754551946164.000000 0.014713 0.173408	1.128370	0.000000	1.128370	0.010226	0.864382	0.000000	0.864382	0.007834	-0.725302	0.000000	-0.725302	0.006573	15254.018736
754551974735.000000 0.013750 0.187156	1.315508	0.000000	1.315508	0.013612	1.007737	0.000000	1.007737	0.010427	-0.845592	0.000000	-0.845592	0.008749	21173.067212
754552010556.000000 0.017239 0.204393	1.519881	0.000000	1.519881	0.018967	1.164296	0.000000	1.164296	0.014530	-0.976961	0.000000	-0.976961	0.012192	25357.372834
754552037607.000000 0.013019 0.217410	1.737269	0.000000	1.737269	0.023884	1.330825	0.000000	1.330825	0.018296	-1.116695	0.000000	-1.116695	0.015352	34443.976516
754552064315.000000 0.012854 0.230262	1.967508	0.000000	1.967508	0.029708	1.507199	0.000000	1.507199	0.022757	-1.264690	0.000000	-1.264690	0.019096	40404.581464
754552094941.000000 0.014739 0.244999	2.000000	0.000000	2.000000	0.036930	1.532089	0.000000	1.532089	0.028290	-1.285575	0.000000	-1.285575	0.023738	31268.753571
754552121967.000000 0.013007 0.258004	2.000000	0.000000	2.000000	0.043641	1.532089	0.000000	1.532089	0.033431	-1.285575	0.000000	-1.285575	0.028052	32068.735364
754552150446.000000 0.013706 0.271707	2.000000	0.000000	2.000000	0.051090	1.532089	0.000000	1.532089	0.039137	-1.285575	0.000000	-1.285575	0.032840	31769.247713
754552177343.000000 0.012945 0.284651	2.000000	0.000000	2.000000	0.058459	1.532089	0.000000	1.532089	0.044782	-1.285575	0.000000	-1.285575	0.037577	30979.623347
754552204481.000000 0.013061 0.297710	2.000000	-0.003000	2.003000	0.066247	1.532089	-0.003000	1.535089	0.050751	-1.285575	0.000000	-1.285575	0.042575	25874.748421
754552233853.000000 0.014135 0.311842	2.000000	-0.003000	2.003000	0.075076	1.532089	-0.003000	1.535089	0.057518	-1.285575	0.000000	-1.285575	0.048242	25030.110412
754552263479.000000 0.014257 0.326097	2.000000	-0.003000	2.003000	0.084389	1.532089	-0.003000	1.535089	0.064655	-1.285575	0.000000	-1.285575	0.054219	24146.859917
754552291743.000000 0.013603 0.339698	2.000000	-0.003000	2.003000	0.093644	1.532089	-0.003000	1.535089	0.071748	-1.285575	0.000000	-1.285575	0.060160	23226.770772
754552315950.000000 0.011650 0.351346	2.000000	-0.003000	2.003000	0.101843	1.532089	-0.003000	1.535089	0.078032	-1.285575	0.000000	-1.285575	0.065422	22275.133195
754552343384.000000 0.013203 0.364548	2.000000	-0.003000	2.003000	0.111484	1.532089	-0.003000	1.535089	0.085420	-1.285575	0.000000	-1.285575	0.071609	21287.738732
754552362182.000000 0.009047 0.373594	2.000000	-0.003000	2.003000	0.118254	1.532089	-0.003000	1.535089	0.090609	-1.285575	0.000000	-1.285575	0.075955	20275.842948
754552380312.000000 0.008725 0.382317	2.000000	-0.003000	2.003000	0.124936	1.532089	-0.003000	1.535089	0.095730	-1.285575	0.000000	-1.285575	0.080243	19240.320380
754552394843.000000 0.006994 0.389309	2.000000	-0.003000	2.003000	0.130390	1.532089	-0.003000	1.535089	0.099909	-1.285575	0.000000	-1.285575	0.083744	18185.859108
754552416558.000000 0.010451 0.399758	2.000000	-0.009000	2.009000	0.138783	1.532089	-0.009000	1.541089	0.106348	-1.285575	0.000000	-1.285575	0.089115	10343.754243
754552438161.000000 0.010397 0.410154	2.000000	-0.009000	2.009000	0.147350	1.532089	-0.009000	1.541089	0.112920	-1.285575	0.000000	-1.285575	0.094597	9285.074587
754552452473.000000 0.006888 0.417040	2.000000	-0.009000	2.009000	0.153121	1.532089	-0.009000	1.541089	0.117347	-1.285575	0.000000	-1.285575	0.098290	8208.620062
754552466250.000000 0.006631 0.423669	2.000000	-0.009000	2.009000	0.158766	1.532089	-0.009000	1.541089	0.121677	-1.285575	0.000000	-1.285575	0.101902	7115.053919
754552481279.000000 0.007234 0.430901	2.000000	-0.009000	2.009000	0.165028	1.532089	-0.009000	1.541089	0.126480	-1.285575	0.000000	-1.285575	0.105909	6002.821121
754552495419.000000 0.006806 0.437706	2.000000	-0.009000	2.009000	0.171013	1.532089	-0.009000	1.541089	0.131071	-1.285575	0.000000	-1.285575	0.109739	4873.023361
754552509666.000000 0.006857 0.444561	2.000000	-0.009000	2.009000	0.177137	1.532089	-0.009000	1.541089	0.135769	-1.285575	0.000000	-1.285575	0.113658	3725.532706
754552524285.000000 0.007037 0.451596	2.000000	-0.009000	2.009000	0.183522	1.532089	-0.009000	1.541089	0.140667	-1.285575	0.000000	-1.285575	0.117743	2559.883392
754552538827.000000 0.006999 0.458593	2.000000	-0.009000	2.009000	0.189971	1.532089	-0.009000	1.541089	0.145614	-1.285575	0.000000	-1.285575	0.121870	1376.173540
754552553089.000000 0.006865 0.465455	2.000000	-0.009000	2.009000	0.196390	1.532089	-0.009000	1.541089	0.150538	-1.285575	0.000000	-1.285575	0.125978	174.750922
754552567998.000000 0.007176 0.472630	2.000000	-0.009000	2.009000	0.203204	1.532089	-0.009000	1.541089	0.155765	-1.285575	0.000000	-1.285575	0.130338	-1045.190548
754552582382.000000 0.006923 0.479551	2.000000	-0.009000	2.009000	0.209874	1.532089	-0.009000	1.541089	0.160881	-1.285575	0.000000	-1.285575	0.134606	-2282.997556
754552596304.000000 0.006701 0.486250	2.000000	-0.009000	2.009000	0.216420	1.532089	-0.009000	1.541089	0.165903	-1.285575	0.000000	-1.285575	0.138795	-3538.096277
754552610206.000000 0.006691 0.492939	2.000000	-0.009000	2.009000	0.223046	1.532089	-0.009000	1.541089	0.170985	-1.285575	0.000000	-1.285575	0.143035	-4810.460630
754552629995.000000 0.009524 0.502462	2.000000	-0.012000	2.012000	0.232674	1.532089	-0.012000	1.544089	0.178375	-1.285575	0.000000	-1.285575	0.149187	16293.590427
754552646894.000000 0.008134 0.510594	2.000000	-0.012000	2.012000	0.241030	1.532089	-0.012000	1.544089	0.184787	-1.285575	0.000000	-1.285575	0.154526	14842.114133
754552664342.000000 0.008398 0.518990	2.000000	-0.012000	2.012000	0.249799	1.532089	-0.012000	1.544089	0.191517	-1.285575	0.000000	-1.285575	0.160129	13366.770804
754552678479.000000 0.006805 0.525792	2.000000	-0.012000	2.012000	0.256998	1.532089	-0.012000	1.544089	0.197041	-1.285575	0.000000	-1.285575	0.164729	11872.089541
754552692824.000000 0.006905 0.532694	2.000000	-0.012000	2.012000	0.264398	1.532089	-0.012000	1.544089	0.202721	-1.285575	0.000000	-1.285575	0.169457	10357.787189
754552706375.000000 0.006523 0.539215	2.000000	-0.012000	2.012000	0.271475	1.532089	-0.012000	1.544089	0.208152	-1.285575	0.000000	-1.285575	0.173979	8824.947123
754552720019.000000 0.006567 0.545780	2.000000	-0.012000	2.012000	0.278686	1.532089	-0.012000	1.544089	0.213686	-1.285575	0.000000	-1.285575	0.178587	7273.444863
754552734510.000000 0.006976 0.552754	2.000000	-0.012000	2.012000	0.286445	1.532089	-0.012000	1.544089	0.219640	-1.285575	0.000000	-1.285575	0.183544	5702.117698
754552748224.000000 0.006601 0.559352	2.000000	-0.012000	2.012000	0.293873	1.532089	-0.012000	1.544089	0.225341	-1.285575	0.000000	-1.285575	0.188291	4112.033955
754552762494.000000 0.006869 0.566220	2.000000	-0.012000	2.012000	0.301699	1.532089	-0.012000	1.544089	0.231347	-1.285575	0.000000	-1.285575	0.193291	2502.427612
754552776998.000000 0.006982 0.573199	2.000000	-0.012000	2.012000	0.309751	1.532089	-0.012000	1.544089	0.237526	-1.285575	0.000000	-1.285575	0.198435	872.981317
754552791163.000000 0.006818 0.580014	2.000000	-0.012000	2.012000	0.317707	1.532089	-0.012000	1.544089	0.243632	-1.285575	0.000000	-1.285575	0.203519	-775.838477
754552804823.000000 0.006575 0.586588	2.000000	-0.012000	2.012000	0.325467	1.532089	-0.012000	1.544089	0.249587	-1.285575	0.000000	-1.285575	0.208477	-2443.345086
754552819970.000000 0.007291 0.593877	2.000000	-0.012000	2.012000	0.334179	1.532089	-0.012000	1.544089	0.256273	-1.285575	0.000000	-1.285575	0.214044	-4131.573940
754552835329.000000 0.007393 0.601267	2.000000	-0.012000	2.012000	0.343122	1.532089	-0.012000	1.544089	0.263137	-1.285575	0.000000	-1.285575	0.219758	2698.344717
754552853461.000000 0.008727 0.609993	2.000000	-0.012000	2.012000	0.353833	1.532089	-0.012000	1.544089	0.271357	-1.285575	0.000000	-1.285575	0.226602	768.786806
754552867761.000000 0.006883 0.616873	2.000000	-0.012000	2.012000	0.362376	1.532089	-0.012000	1.544089	0.277913	-1.285575	0.000000	-1.285575	0.232061	-1182.534496
754552885918.000000 0.008739 0.625610	2.000000	-0.012000	2.012000	0.373376	1.532089	-0.012000	1.544089	0.286355	-1.285575	0.000000	-1.285575	0.239089	-3161.491559
754552906183.000000 0.009754 0.635362	2.000000	-0.012000	2.012000	0.385845	1.532089	-0.012000	1.544089	0.295924	-1.285575	0.000000	-1.285575	0.247056	-5171.297596
754552925205.000000 0.009155 0.644515	2.000000	-0.012000	2.012000	0.397717	1.532089	-0.012000	1.544089	0.305035	-1.285575	0.000000	-1.285575	0.254642	-7210.057558
754552938654.000000 0.006474 0.650986	2.000000	-0.012000	2.012000	0.406196	1.532089	-0.012000	1.544089	0.311542	-1.285575	0.000000	-1.285575	0.260060	-9269.287102
754552952810.000000 0.006814 0.657797	2.000000	-0.012000	2.012000	0.415214	1.532089	-0.012000	1.544089	0.318463	-1.285575	0.000000	-1.285575	0.265822	-11350.062371
754552966851.000000 0.006758 0.664554	2.000000	-0.012000	2.012000	0.424250	1.532089	-0.012000	1.544089	0.325398	-1.285575	0.000000	-1.285575	0.271596	-13452.211367
754552982146.000000 0.007362 0.671915	2.000000	-0.012000	2.012000	0.434203	1.532089	-0.012000	1.544089	0.333036	-1.285575	0.000000	-1.285575	0.277955	-15577.642836
754552996493.000000 0.006911 0.678824	2.000000	-0.012000	2.012000	0.443642	1.532089	-0.012000	1.544089	0.340280	-1.285575	0.000000	-1.285575	0.283986	-17724.930547
754553011510.000000 0.007228 0.686044	2.000000	-0.012000	2.012000	0.453619	1.532089	-0.012000	1.544089	0.347937	-1.285575	0.000000	-1.285575	0.290361	-19895.056270
754553025359.000000 0.006666 0.692708	2.000000	-0.012000	2.012000	0.462910	1.532089	-0.012000	1.544089	0.355066	-1.285575	0.000000	-1.285575	0.296297	-22086.263470
754553042691.000000 0.008342 0.701048	2.000000	-0.009055	2.009055	0.474659	1.532089	-0.009000	1.541089	0.364079	-1.285575	-0.001000	-1.284575	0.303809	-18644.551658
754553061253.000000 0.008934 0.709980	2.000000	-0.009055	2.009055	0.487402	1.532089	-0.009000	1.541089	0.373854	-1.285575	-0.001000	-1.284575	0.311957	-21106.276333
754553076619.000000 0.007395 0.717373	2.000000	-0.009055	2.009055	0.498061	1.532089	-0.009000	1.541089	0.382030	-1.285575	-0.001000	-1.284575	0.318772	-23593.636656
754553090327.000000 0.006599 0.723971	2.000000	-0.009055	2.009055	0.507658	1.532089	-0.009000	1.541089	0.389392	-1.285575	-0.001000	-1.284575	0.324909	-26103.871353
754553104504.000000 0.006824 0.730792	2.000000	-0.009055	2.009055	0.517677	1.532089	-0.009000	1.541089	0.397077	-1.285575	-0.001000	-1.284575	0.331315	-28637.757917
754553120912.000000 0.007897 0.738687	2.000000	-0.009055	2.009055	0.529397	1.532089	-0.009000	1.541089	0.406067	-1.285575	-0.001000	-1.284575	0.338808	-31199.020318
754553135086.000000 0.006822 0.745508	2.000000	-0.009055	2.009055	0.539615	1.532089	-0.009000	1.541089	0.413905	-1.285575	-0.001000	-1.284575	0.345342	-33226.867549
754553149264.000000 0.006825 0.752331	2.000000	-0.009055	2.009055	0.549931	1.532089	-0.009000	1.541089	0.421818	-1.285575	-0.001000	-1.284575	0.351938	-33226.867549
754553163606.000000 0.006903 0.759231	2.000000	-0.009055	2.009055	0.560460	1.532089	-0.009000	1.541089	0.429894	-1.285575	-0.001000	-1.284575	0.358670	-33226.867549
754553181039.000000 0.008391 0.767620	2.000000	-0.009055	2.009055	0.573400	1.532089	-0.009000	1.541089	0.439821	-1.285575	-0.001000	-1.284575	0.366944	-33226.867549
754553195662.000000 0.007038 0.774657	2.000000	-0.009055	2.009055	0.584354	1.532089	-0.009000	1.541089	0.448223	-1.285575	-0.001000	-1.284575	0.373948	-33226.867549
754553209875.000000 0.006841 0.781495	2.000000	-0.009055	2.009055	0.595095	1.532089	-0.009000	1.541089	0.456462	-1.285575	-0.001000	-1.284575	0.380815	-33226.867549
754553223599.000000 0.006606 0.788099	2.000000	-0.009055	2.009055	0.605554	1.532089	-0.009000	1.541089	0.464485	-1.285575	-0.001000	-1.284575	0.387503	-33226.867549
754553248103.000000 0.011793 0.799891	2.000000	-0.003162	2.003162	0.624450	1.532089	-0.003000	1.535089	0.478965	-1.285575	-0.001000	-1.284575	0.399620	-30662.857776
754553267994.000000 0.009573 0.809461	2.000000	-0.003162	2.003162	0.639972	1.532089	-0.003000	1.535089	0.490860	-1.285575	-0.001000	-1.284575	0.409574	-30662.857776
754553282381.000000 0.006924 0.816384	2.000000	-0.003162	2.003162	0.651296	1.532089	-0.003000	1.535089	0.499538	-1.285575	-0.001000	-1.284575	0.416836	-30662.857776
754553296573.000000 0.006831 0.823215	2.000000	-0.003162	2.003162	0.662561	1.532089	-0.003000	1.535089	0.508171	-1.285575	-0.001000	-1.284575	0.424060	-30662.857776
754553312083.000000 0.007465 0.830679	2.000000	-0.003162	2.003162	0.674983	1.532089	-0.003000	1.535089	0.517691	-1.285575	-0.001000	-1.284575	0.432026	-30662.857776
754553331366.000000 0.009281 0.839957	2.000000	-0.003162	2.003162	0.690599	1.532089	-0.003000	1.535089	0.529658	-1.285575	-0.001000	-1.284575	0.442040	-30662.857776
754553347059.000000 0.007553 0.847507	2.000000	-0.003162	2.003162	0.703423	1.532089	-0.003000	1.535089	0.539485	-1.285575	-0.001000	-1.284575	0.450263	-30662.857776
754553360975.000000 0.006698 0.854204	2.000000	-0.003162	2.003162	0.714884	1.532089	-0.003000	1.535089	0.548268	-1.285575	-0.001000	-1.284575	0.457613	-30662.857776
754553374544.000000 0.006531 0.860732	2.000000	-0.003162	2.003162	0.726144	1.532089	-0.003000	1.535089	0.556897	-1.285575	-0.001000	-1.284575	0.464834	-30662.857776
754553388311.000000 0.006626 0.867358	2.000000	-0.003162	2.003162	0.737657	1.532089	-0.003000	1.535089	0.565719	-1.285575	-0.001000	-1.284575	0.472217	-30662.857776
754553402034.000000 0.006605 0.873960	2.000000	-0.003162	2.003162	0.749220	1.532089	-0.003000	1.535089	0.574581	-1.285575	-0.001000	-1.284575	0.479632	-30662.857776
754553415870.000000 0.006660 0.880619	2.000000	-0.003162	2.003162	0.760969	1.532089	-0.003000	1.535089	0.583584	-1.285575	-0.001000	-1.284575	0.487166	-30662.857776
754553429508.000000 0.006564 0.887181	2.000000	-0.003162	2.003162	0.772635	1.532089	-0.003000	1.535089	0.592525	-1.285575	-0.001000	-1.284575	0.494647	-30662.857776
754553443490.000000 0.006729 0.893909	2.000000	0.006708	1.993292	0.784626	1.532089	0.006000	1.526089	0.601705	-1.285575	-0.003000	-1.282575	0.502363	-30662.857776
754553460956.000000 0.008406 0.902314	2.000000	0.006708	1.993292	0.799745	1.532089	0.006000	1.526089	0.613281	-1.285575	-0.003000	-1.282575	0.512091	-21583.898045
754553480312.000000 0.009316 0.911627	2.000000	0.006708	1.993292	0.816674	1.532089	0.006000	1.526089	0.626241	-1.285575	-0.003000	-1.282575	0.522984	-21583.898045
754553494669.000000 0.006910 0.918537	2.000000	0.006708	1.993292	0.829326	1.532089	0.006000	1.526089	0.635928	-1.285575	-0.003000	-1.282575	0.531125	-21583.898045
754553509324.000000 0.007053 0.925588	2.000000	0.006708	1.993292	0.842339	1.532089	0.006000	1.526089	0.645891	-1.285575	-0.003000	-1.282575	0.539498	-21583.898045
754553524001.000000 0.007065 0.932651	2.000000	0.006708	1.993292	0.855473	1.532089	0.006000	1.526089	0.655946	-1.285575	-0.003000	-1.282575	0.547949	-21583.898045
754553538250.000000 0.006858 0.939507	2.000000	0.006708	1.993292	0.868317	1.532089	0.006000	1.526089	0.665780	-1.285575	-0.003000	-1.282575	0.556213	-21583.898045
754553554648.000000 0.007893 0.947398	2.000000	0.006708	1.993292	0.883221	1.532089	0.006000	1.526089	0.677191	-1.285575	-0.003000	-1.282575	0.565804	-21583.898045
754553570773.000000 0.007761 0.955156	2.000000	0.006708	1.993292	0.897997	1.532089	0.006000	1.526089	0.688503	-1.285575	-0.003000	-1.282575	0.575311	-21583.898045
754553585610.000000 0.007141 0.962296	2.000000	0.006708	1.993292	0.911694	1.532089	0.006000	1.526089	0.698990	-1.285575	-0.003000	-1.282575	0.584124	-21583.898045
754553600585.000000 0.007207 0.969502	2.000000	0.006708	1.993292	0.925622	1.532089	0.006000	1.526089	0.709653	-1.285575	-0.003000	-1.282575	0.593086	-21583.898045
754553614318.000000 0.006610 0.976110	2.000000	0.006708	1.993292	0.938483	1.532089	0.006000	1.526089	0.719500	-1.285575	-0.003000	-1.282575	0.601362	-21583.898045
754553628454.000000 0.006804 0.982912	2.000000	0.006708	1.993292	0.951814	1.532089	0.006000	1.526089	0.729706	-1.285575	-0.003000	-1.282575	0.609939	-21583.898045
754553643092.000000 0.007046 0.989956	2.000000	0.006708	1.993292	0.965717	1.532089	0.006000	1.526089	0.740350	-1.285575	-0.003000	-1.282575	0.618885	-21583.898045
754553659583.000000 0.007937 0.997892	2.000000	0.018974	1.981026	0.981408	1.532089	0.018000	1.514089	0.752343	-1.285575	-0.006000	-1.279575	0.629020	-9975.580284
754553675640.000000 0.007728 1.005618	2.000000	0.018974	1.981026	0.996804	1.532089	0.018000	1.514089	0.764110	-1.285575	-0.006000	-1.279575	0.638965	-9975.580284
754553692624.000000 0.008174 1.013790	2.000000	0.018974	1.981026	1.013220	1.532089	0.018000	1.514089	0.776657	-1.285575	-0.006000	-1.279575	0.649568	-9975.580284
754553706540.000000 0.006698 1.020487	2.000000	0.018974	1.981026	1.026761	1.532089	0.018000	1.514089	0.787006	-1.285575	-0.006000	-1.279575	0.658315	-9975.580284
754553721076.000000 0.006997 1.027481	2.000000	0.018974	1.981026	1.041003	1.532089	0.018000	1.514089	0.797891	-1.285575	-0.006000	-1.279575	0.667513	-9975.580284
754553735797.000000 0.007086 1.034565	2.000000	0.018974	1.981026	1.055524	1.532089	0.018000	1.514089	0.808990	-1.285575	-0.006000	-1.279575	0.676893	-9975.580284
754553750456.000000 0.007056 1.041619	2.000000	0.018974	1.981026	1.070085	1.532089	0.018000	1.514089	0.820118	-1.285575	-0.006000	-1.279575	0.686298	-9975.580284
754553764284.000000 0.006656 1.048272	2.000000	0.018974	1.981026	1.083907	1.532089	0.018000	1.514089	0.830682	-1.285575	-0.006000	-1.279575	0.695226	-9975.580284
754553777872.000000 0.006540 1.054811	2.000000	0.018974	1.981026	1.097572	1.532089	0.018000	1.514089	0.841127	-1.285575	-0.006000	-1.279575	0.704053	-9975.580284
754553792266.000000 0.006928 1.061741	2.000000	0.018974	1.981026	1.112145	1.532089	0.018000	1.514089	0.852264	-1.285575	-0.006000	-1.279575	0.713465	-9975.580284
754553806566.000000 0.006883 1.068618	2.000000	0.018974	1.981026	1.126717	1.532089	0.018000	1.514089	0.863402	-1.285575	-0.006000	-1.279575	0.722877	-9975.580284
754553820310.000000 0.006615 1.075232	2.000000	0.018974	1.981026	1.140808	1.532089	0.018000	1.514089	0.874172	-1.285575	-0.006000	-1.279575	0.731979	-9975.580284
754553833984.000000 0.006581 1.081812	2.000000	0.018974	1.981026	1.154912	1.532089	0.018000	1.514089	0.884951	-1.285575	-0.006000	-1.279575	0.741089	-9975.580284
754553847883.000000 0.006690 1.088499	2.000000	0.018974	1.981026	1.169337	1.532089	0.018000	1.514089	0.895976	-1.285575	-0.006000	-1.279575	0.750407	-9975.580284
754553861741.000000 0.006670 1.095168	2.000000	0.034482	1.965518	1.183694	1.532089	0.033000	1.499089	0.906927	-1.285575	-0.010000	-1.275575	0.759724	-91.988293
754553877416.000000 0.007545 1.102712	2.000000	0.034482	1.965518	1.200048	1.532089	0.033000	1.499089	0.919399	-1.285575	-0.010000	-1.275575	0.770337	-91.988293
754553895074.000000 0.008499 1.111208	2.000000	0.034482	1.965518	1.218610	1.532089	0.033000	1.499089	0.933556	-1.285575	-0.010000	-1.275575	0.782383	-91.988293
754553909071.000000 0.006737 1.117943	2.000000	0.034482	1.965518	1.233413	1.532089	0.033000	1.499089	0.944846	-1.285575	-0.010000	-1.275575	0.791990	-91.988293
754553923488.000000 0.006939 1.124880	2.000000	0.034482	1.965518	1.248754	1.532089	0.033000	1.499089	0.956547	-1.285575	-0.010000	-1.275575	0.801946	-91.988293
754553937738.000000 0.006858 1.131737	2.000000	0.034482	1.965518	1.264010	1.532089	0.033000	1.499089	0.968183	-1.285575	-0.010000	-1.275575	0.811847	-91.988293
754553952182.000000 0.006952 1.138688	2.000000	0.034482	1.965518	1.279570	1.532089	0.033000	1.499089	0.980050	-1.285575	-0.010000	-1.275575	0.821945	-91.988293
754553966982.000000 0.007124 1.145809	2.000000	0.034482	1.965518	1.295613	1.532089	0.033000	1.499089	0.992286	-1.285575	-0.010000	-1.275575	0.832357	-91.988293
754553981042.000000 0.006767 1.152574	2.000000	0.034482	1.965518	1.310944	1.532089	0.033000	1.499089	1.003979	-1.285575	-0.010000	-1.275575	0.842306	-91.988293
754553995136.000000 0.006784 1.159357	2.000000	0.034482	1.965518	1.326403	1.532089	0.033000	1.499089	1.015770	-1.285575	-0.010000	-1.275575	0.852339	-91.988293
754554009351.000000 0.006843 1.166197	2.000000	0.034482	1.965518	1.342087	1.532089	0.033000	1.499089	1.027732	-1.285575	-0.010000	-1.275575	0.862517	-91.988293
754554026834.000000 0.008415 1.174610	2.000000	0.034482	1.965518	1.361514	1.532089	0.033000	1.499089	1.042549	-1.285575	-0.010000	-1.275575	0.875125	-91.988293
754554041463.000000 0.007041 1.181649	2.000000	0.034482	1.965518	1.377867	1.532089	0.033000	1.499089	1.055021	-1.285575	-0.010000	-1.275575	0.885737	-91.988293
754554055930.000000 0.006964 1.188611	2.000000	0.034482	1.965518	1.394136	1.532089	0.033000	1.499089	1.067429	-1.285575	-0.010000	-1.275575	0.896296	-91.988293
754554070657.000000 0.007088 1.195696	2.000000	0.052811	1.947189	1.410640	1.532089	0.050000	1.482089	1.079991	-1.285575	-0.017000	-1.268575	0.907048	11703.373624
754554087986.000000 0.008340 1.204036	2.000000	0.052811	1.947189	1.430194	1.532089	0.050000	1.482089	1.094874	-1.285575	-0.017000	-1.268575	0.919787	11703.373624
754554105694.000000 0.008523 1.212556	2.000000	0.052811	1.947189	1.450317	1.532089	0.050000	1.482089	1.110191	-1.285575	-0.017000	-1.268575	0.932897	11703.373624
754554123731.000000 0.008681 1.221236	2.000000	0.052811	1.947189	1.470961	1.532089	0.050000	1.482089	1.125904	-1.285575	-0.017000	-1.268575	0.946346	11703.373624
754554141533.000000 0.008569 1.229802	2.000000	0.052811	1.947189	1.491480	1.532089	0.050000	1.482089	1.141521	-1.285575	-0.017000	-1.268575	0.959714	11703.373624
754554157159.000000 0.007521 1.237320	2.000000	0.052811	1.947189	1.509600	1.532089	0.050000	1.482089	1.155314	-1.285575	-0.017000	-1.268575	0.971519	11703.373624
754554171685.000000 0.006992 1.244311	2.000000	0.052811	1.947189	1.526540	1.532089	0.050000	1.482089	1.168208	-1.285575	-0.017000	-1.268575	0.982556	11703.373624
754554185909.000000 0.006846 1.251155	2.000000	0.052811	1.947189	1.543220	1.532089	0.050000	1.482089	1.180903	-1.285575	-0.017000	-1.268575	0.993422	11703.373624
754554200218.000000 0.006887 1.258041	2.000000	0.052811	1.947189	1.560091	1.532089	0.050000	1.482089	1.193745	-1.285575	-0.017000	-1.268575	1.004414	11703.373624
754554214838.000000 0.007037 1.265076	2.000000	0.052811	1.947189	1.577425	1.532089	0.050000	1.482089	1.206938	-1.285575	-0.017000	-1.268575	1.015707	11703.373624
754554230231.000000 0.007408 1.272482	2.000000	0.052811	1.947189	1.595782	1.532089	0.050000	1.482089	1.220910	-1.285575	-0.017000	-1.268575	1.027666	11703.373624
754554246686.000000 0.007921 1.280402	2.000000	0.052811	1.947189	1.615530	1.532089	0.050000	1.482089	1.235942	-1.285575	-0.017000	-1.268575	1.040532	11703.373624
754554261187.000000 0.006980 1.287378	2.000000	0.052811	1.947189	1.633027	1.532089	0.050000	1.482089	1.249259	-1.285575	-0.017000	-1.268575	1.051931	11703.373624
754554275682.000000 0.006977 1.294354	2.000000	0.073736	1.926264	1.650422	1.532089	0.069000	1.463089	1.262471	-1.285575	-0.026000	-1.259575	1.063305	11703.373624
754554290195.000000 0.006985 1.301336	2.000000	0.073736	1.926264	1.667931	1.532089	0.069000	1.463089	1.275770	-1.285575	-0.026000	-1.259575	1.074754	21037.492281
754554308238.000000 0.008684 1.310019	2.000000	0.073736	1.926264	1.689845	1.532089	0.069000	1.463089	1.292415	-1.285575	-0.026000	-1.259575	1.089084	21037.492281
754554322472.000000 0.006851 1.316868	2.000000	0.073736	1.926264	1.707222	1.532089	0.069000	1.463089	1.305614	-1.285575	-0.026000	-1.259575	1.100447	21037.492281
754554336559.000000 0.006780 1.323646	2.000000	0.073736	1.926264	1.724509	1.532089	0.069000	1.463089	1.318744	-1.285575	-0.026000	-1.259575	1.111751	21037.492281
754554350060.000000 0.006498 1.330143	2.000000	0.073736	1.926264	1.741160	1.532089	0.069000	1.463089	1.331391	-1.285575	-0.026000	-1.259575	1.122639	21037.492281
754554364182.000000 0.006797 1.336938	2.000000	0.073736	1.926264	1.758664	1.532089	0.069000	1.463089	1.344686	-1.285575	-0.026000	-1.259575	1.134084	21037.492281
754554378019.000000 0.006660 1.343597	2.000000	0.073736	1.926264	1.775900	1.532089	0.069000	1.463089	1.357778	-1.285575	-0.026000	-1.259575	1.145355	21037.492281
754554392719.000000 0.007075 1.350671	2.000000	0.073736	1.926264	1.794308	1.532089	0.069000	1.463089	1.371760	-1.285575	-0.026000	-1.259575	1.157392	21037.492281
754554407114.000000 0.006928 1.357597	2.000000	0.073736	1.926264	1.812426	1.532089	0.069000	1.463089	1.385521	-1.285575	-0.026000	-1.259575	1.169239	21037.492281
754554421280.000000 0.006818 1.364413	2.000000	0.073736	1.926264	1.830347	1.532089	0.069000	1.463089	1.399133	-1.285575	-0.026000	-1.259575	1.180957	21037.492281
754554436874.000000 0.007505 1.371917	2.000000	0.073736	1.926264	1.850180	1.532089	0.069000	1.463089	1.414198	-1.285575	-0.026000	-1.259575	1.193927	21037.492281
754554452086.000000 0.007322 1.379237	2.000000	0.073736	1.926264	1.869633	1.532089	0.069000	1.463089	1.428973	-1.285575	-0.026000	-1.259575	1.206646	21037.492281
754554466152.000000 0.006770 1.386006	2.000000	0.073736	1.926264	1.887708	1.532089	0.069000	1.463089	1.442702	-1.285575	-0.026000	-1.259575	1.218466	21037.492281
754554482114.000000 0.007683 1.393687	2.000000	0.097693	1.902307	1.908077	1.532089	0.090000	1.442089	1.458143	-1.285575	-0.038000	-1.247575	1.231824	21037.492281
754554496809.000000 0.007073 1.400757	2.000000	0.097693	1.902307	1.926923	1.532089	0.090000	1.442089	1.472429	-1.285575	-0.038000	-1.247575	1.244184	30064.799079
754554516640.000000 0.009544 1.410301	2.000000	0.097693	1.902307	1.952529	1.532089	0.090000	1.442089	1.491841	-1.285575	-0.038000	-1.247575	1.260977	30064.799079
754554530872.000000 0.006850 1.417148	2.000000	0.097693	1.902307	1.970996	1.532089	0.090000	1.442089	1.505840	-1.285575	-0.038000	-1.247575	1.273088	30064.799079
754554544955.000000 0.006779 1.423925	2.000000	0.097693	1.902307	1.989358	1.532089	0.090000	1.442089	1.519759	-1.285575	-0.038000	-1.247575	1.285130	30064.799079
754554558633.000000 0.006584 1.430507	2.000000	0.097693	1.902307	2.007274	1.532089	0.090000	1.442089	1.533341	-1.285575	-0.038000	-1.247575	1.296879	30064.799079
754554573026.000000 0.006928 1.437433	2.000000	0.097693	1.902307	2.026217	1.532089	0.090000	1.442089	1.547702	-1.285575	-0.038000	-1.247575	1.309303	30064.799079
754554587164.000000 0.006805 1.444236	2.000000	0.097693	1.902307	2.044913	1.532089	0.090000	1.442089	1.561874	-1.285575	-0.038000	-1.247575	1.321564	30064.799079
754554600953.000000 0.006637 1.450871	2.000000	0.097693	1.902307	2.063231	1.532089	0.090000	1.442089	1.575761	-1.285575	-0.038000	-1.247575	1.333578	30064.799079
754554615421.000000 0.006963 1.457833	2.000000	0.097693	1.902307	2.082542	1.532089	0.090000	1.442089	1.590400	-1.285575	-0.038000	-1.247575	1.346242	30064.799079
754554629888.000000 0.006963 1.464795	2.000000	0.097693	1.902307	2.101946	1.532089	0.090000	1.442089	1.605109	-1.285575	-0.038000	-1.247575	1.358967	30064.799079
754554644544.000000 0.007056 1.471848	2.000000	0.097693	1.902307	2.121701	1.532089	0.090000	1.442089	1.620085	-1.285575	-0.038000	-1.247575	1.371923	30064.799079
754554658681.000000 0.006805 1.478649	2.000000	0.097693	1.902307	2.140841	1.532089	0.090000	1.442089	1.634595	-1.285575	-0.038000	-1.247575	1.384476	30064.799079
754554672873.000000 0.006831 1.485478	2.000000	0.097693	1.902307	2.160143	1.532089	0.090000	1.442089	1.649227	-1.285575	-0.038000	-1.247575	1.397135	30064.799079
754554686888.000000 0.006746 1.492222	2.000000	0.097693	1.902307	2.179292	1.532089	0.090000	1.442089	1.663744	-1.285575	-0.038000	-1.247575	1.409693	30064.799079
754554705689.000000 0.009049 1.501270	2.000000	0.123907	1.876093	2.204778	1.532089	0.112000	1.420089	1.683035	-1.285575	-0.053000	-1.232575	1.426437	34624.415604
754554724641.000000 0.009121 1.510389	2.000000	0.123907	1.876093	2.230625	1.532089	0.112000	1.420089	1.702600	-1.285575	-0.053000	-1.232575	1.443418	34624.415604
754554738834.000000 0.006831 1.517219	2.000000	0.123907	1.876093	2.250071	1.532089	0.112000	1.420089	1.717319	-1.285575	-0.053000	-1.232575	1.456194	34624.415604
754554752746.000000 0.006696 1.523913	2.000000	0.123907	1.876093	2.269215	1.532089	0.112000	1.420089	1.731810	-1.285575	-0.053000	-1.232575	1.468772	34624.415604
754554766815.000000 0.006772 1.530683	2.000000	0.123907	1.876093	2.288662	1.532089	0.112000	1.420089	1.746530	-1.285575	-0.053000	-1.232575	1.481548	34624.415604
754554781005.000000 0.006830 1.537511	2.000000	0.123907	1.876093	2.308363	1.532089	0.112000	1.420089	1.761443	-1.285575	-0.053000	-1.232575	1.494491	34624.415604
754554799806.000000 0.009048 1.546557	2.000000	0.123907	1.876093	2.334617	1.532089	0.112000	1.420089	1.781315	-1.285575	-0.053000	-1.232575	1.511740	34624.415604
754554819871.000000 0.009658 1.556215	2.000000	0.123907	1.876093	2.362813	1.532089	0.112000	1.420089	1.802658	-1.285575	-0.053000	-1.232575	1.530264	34624.415604
754554847152.000000 0.013130 1.569340	2.000000	0.123907	1.876093	2.401470	1.532089	0.112000	1.420089	1.831919	-1.285575	-0.053000	-1.232575	1.555662	34624.415604
754554861372.000000 0.006844 1.576182	2.000000	0.123907	1.876093	2.421710	1.532089	0.112000	1.420089	1.847239	-1.285575	-0.053000	-1.232575	1.568959	34624.415604
754554875446.000000 0.006774 1.582955	2.000000	0.123907	1.876093	2.441827	1.532089	0.112000	1.420089	1.862467	-1.285575	-0.053000	-1.232575	1.582176	34624.415604
754554890564.000000 0.007277 1.590230	2.000000	0.123907	1.876093	2.463538	1.532089	0.112000	1.420089	1.878901	-1.285575	-0.053000	-1.232575	1.596440	34624.415604
754554908884.000000 0.008817 1.599045	2.000000	0.154768	1.845232	2.489553	1.532089	0.137000	1.395089	1.898569	-1.285575	-0.072000	-1.213575	1.613550	39262.401324
754554932515.000000 0.011373 1.610416	2.000000	0.154768	1.845232	2.523349	1.532089	0.137000	1.395089	1.924121	-1.285575	-0.072000	-1.213575	1.635776	39262.401324
754554955805.000000 0.011209 1.621623	2.000000	0.154768	1.845232	2.556889	1.532089	0.137000	1.395089	1.949479	-1.285575	-0.072000	-1.213575	1.657835	39262.401324
754554978697.000000 0.011017 1.632638	2.000000	0.154768	1.845232	2.590078	1.532089	0.137000	1.395089	1.974572	-1.285575	-0.072000	-1.213575	1.679663	39262.401324
754555001812.000000 0.011125 1.643761	2.000000	0.154768	1.845232	2.623821	1.532089	0.137000	1.395089	2.000083	-1.285575	-0.072000	-1.213575	1.701855	39262.401324
754555025689.000000 0.011491 1.655251	2.000000	0.154768	1.845232	2.658919	1.532089	0.137000	1.395089	2.026619	-1.285575	-0.072000	-1.213575	1.724938	39262.401324
754555048428.000000 0.010944 1.666193	2.000000	0.154768	1.845232	2.692566	1.532089	0.137000	1.395089	2.052057	-1.285575	-0.072000	-1.213575	1.747067	39262.401324
754555071366.000000 0.011040 1.677231	2.000000	0.154768	1.845232	2.726732	1.532089	0.137000	1.395089	2.077889	-1.285575	-0.072000	-1.213575	1.769538	39262.401324
754555093847.000000 0.010820 1.688048	2.000000	0.154768	1.845232	2.760433	1.532089	0.137000	1.395089	2.103368	-1.285575	-0.072000	-1.213575	1.791702	39262.401324
754555118038.000000 0.011642 1.699689	2.000000	0.188162	1.811838	2.796287	1.532089	0.163000	1.369089	2.130461	-1.285575	-0.094000	-1.191575	1.815282	48442.632008
754555141607.000000 0.011344 1.711031	2.000000	0.188162	1.811838	2.831455	1.532089	0.163000	1.369089	2.157035	-1.285575	-0.094000	-1.191575	1.838410	48442.632008
754555164847.000000 0.011185 1.722213	2.000000	0.188162	1.811838	2.866355	1.532089	0.163000	1.369089	2.183407	-1.285575	-0.094000	-1.191575	1.861363	48442.632008
754555187840.000000 0.011066 1.733277	2.000000	0.188162	1.811838	2.901107	1.532089	0.163000	1.369089	2.209667	-1.285575	-0.094000	-1.191575	1.884218	48442.632008
754555210781.000000 0.011040 1.744315	2.000000	0.188162	1.811838	2.936000	1.532089	0.163000	1.369089	2.236033	-1.285575	-0.094000	-1.191575	1.907166	48442.632008
754555233596.000000 0.010980 1.755294	2.000000	0.188162	1.811838	2.970921	1.532089	0.163000	1.369089	2.262420	-1.285575	-0.094000	-1.191575	1.930132	48442.632008
754555254551.000000 0.010085 1.765377	2.000000	0.188162	1.811838	3.003179	1.532089	0.163000	1.369089	2.286796	-1.285575	-0.094000	-1.191575	1.951347	48442.632008
754555271345.000000 0.008083 1.773458	2.000000	0.188162	1.811838	3.029152	1.532089	0.163000	1.369089	2.306422	-1.285575	-0.094000	-1.191575	1.968428	48442.632008
754555285160.000000 0.006651 1.780107	2.000000	0.188162	1.811838	3.050602	1.532089	0.163000	1.369089	2.322630	-1.285575	-0.094000	-1.191575	1.982535	48442.632008
754555301475.000000 0.007852 1.787957	2.000000	0.188162	1.811838	3.076038	1.532089	0.163000	1.369089	2.341851	-1.285575	-0.094000	-1.191575	1.999264	48442.632008
754555323215.000000 0.010463 1.798417	2.000000	0.225568	1.774432	3.109426	1.532089	0.191000	1.341089	2.367085	-1.285575	-0.120000	-1.165575	2.021195	52668.591549
754555344378.000000 0.010186 1.808601	2.000000	0.225568	1.774432	3.142115	1.532089	0.191000	1.341089	2.391791	-1.285575	-0.120000	-1.165575	2.042668	52668.591549
754555358564.000000 0.006828 1.815426	2.000000	0.225568	1.774432	3.164109	1.532089	0.191000	1.341089	2.408414	-1.285575	-0.120000	-1.165575	2.057115	52668.591549
754555371109.000000 0.006038 1.821463	2.000000	0.225568	1.774432	3.183626	1.532089	0.191000	1.341089	2.423164	-1.285575	-0.120000	-1.165575	2.069935	52668.591549
754555383761.000000 0.006089 1.827552	2.000000	0.225568	1.774432	3.203373	1.532089	0.191000	1.341089	2.438089	-1.285575	-0.120000	-1.165575	2.082906	52668.591549
754555397491.000000 0.006608 1.834158	2.000000	0.225568	1.774432	3.224880	1.532089	0.191000	1.341089	2.454343	-1.285575	-0.120000	-1.165575	2.097034	52668.591549
754555410284.000000 0.006158 1.840314	2.000000	0.225568	1.774432	3.244989	1.532089	0.191000	1.341089	2.469541	-1.285575	-0.120000	-1.165575	2.110242	52668.591549
754555422623.000000 0.005939 1.846251	2.000000	0.225568	1.774432	3.264445	1.532089	0.191000	1.341089	2.484246	-1.285575	-0.120000	-1.165575	2.123023	52668.591549
754555435775.000000 0.006330 1.852580	2.000000	0.225568	1.774432	3.285253	1.532089	0.191000	1.341089	2.499973	-1.285575	-0.120000	-1.165575	2.136691	52668.591549
754555450835.000000 0.007248 1.859827	2.000000	0.225568	1.774432	3.309173	1.532089	0.191000	1.341089	2.518051	-1.285575	-0.120000	-1.165575	2.152404	52668.591549
754555465775.000000 0.007191 1.867017	2.000000	0.225568	1.774432	3.332996	1.532089	0.191000	1.341089	2.536056	-1.285575	-0.120000	-1.165575	2.168052	52668.591549
754555481442.000000 0.007541 1.874555	2.000000	0.225568	1.774432	3.358079	1.532089	0.191000	1.341089	2.555013	-1.285575	-0.120000	-1.165575	2.184528	52668.591549
754555496615.000000 0.007304 1.881857	2.000000	0.225568	1.774432	3.382467	1.532089	0.191000	1.341089	2.573445	-1.285575	-0.120000	-1.165575	2.200548	52668.591549
754555511601.000000 0.007213 1.889067	2.000000	0.225568	1.774432	3.406645	1.532089	0.191000	1.341089	2.591719	-1.285575	-0.120000	-1.165575	2.216430	52668.591549
754555524247.000000 0.006087 1.895152	2.000000	0.263492	1.736508	3.426678	1.532089	0.218000	1.314089	2.606878	-1.285575	-0.148000	-1.137575	2.229553	52668.591549
754555537276.000000 0.006271 1.901422	2.000000	0.263492	1.736508	3.447383	1.532089	0.218000	1.314089	2.622547	-1.285575	-0.148000	-1.137575	2.243117	55306.954530
754555553831.000000 0.007968 1.909388	2.000000	0.263492	1.736508	3.473801	1.532089	0.218000	1.314089	2.642538	-1.285575	-0.148000	-1.137575	2.260423	55306.954530
754555569053.000000 0.007327 1.916713	2.000000	0.263492	1.736508	3.498188	1.532089	0.218000	1.314089	2.660993	-1.285575	-0.148000	-1.137575	2.276399	55306.954530
754555582027.000000 0.006245 1.922956	2.000000	0.263492	1.736508	3.519042	1.532089	0.218000	1.314089	2.676774	-1.285575	-0.148000	-1.137575	2.290060	55306.954530
754555594936.000000 0.006213 1.929167	2.000000	0.263492	1.736508	3.539856	1.532089	0.218000	1.314089	2.692525	-1.285575	-0.148000	-1.137575	2.303695	55306.954530
754555611868.000000 0.008150 1.937316	2.000000	0.263492	1.736508	3.567273	1.532089	0.218000	1.314089	2.713273	-1.285575	-0.148000	-1.137575	2.321657	55306.954530
754555627679.000000 0.007610 1.944923	2.000000	0.263492	1.736508	3.592975	1.532089	0.218000	1.314089	2.732723	-1.285575	-0.148000	-1.137575	2.338494	55306.954530
754555642758.000000 0.007257 1.952179	2.000000	0.263492	1.736508	3.617578	1.532089	0.218000	1.314089	2.751340	-1.285575	-0.148000	-1.137575	2.354611	55306.954530
754555656724.000000 0.006722 1.958899	2.000000	0.263492	1.736508	3.640444	1.532089	0.218000	1.314089	2.768644	-1.285575	-0.148000	-1.137575	2.369590	55306.954530
754555671063.000000 0.006902 1.965799	2.000000	0.263492	1.736508	3.664004	1.532089	0.218000	1.314089	2.786473	-1.285575	-0.148000	-1.137575	2.385024	55306.954530
754555686730.000000 0.007541 1.973338	2.000000	0.263492	1.736508	3.689844	1.532089	0.218000	1.314089	2.806027	-1.285575	-0.148000	-1.137575	2.401952	55306.954530
754555700950.000000 0.006844 1.980181	2.000000	0.263492	1.736508	3.713380	1.532089	0.218000	1.314089	2.823838	-1.285575	-0.148000	-1.137575	2.417370	55306.954530
754555713548.000000 0.006063 1.986242	2.000000	0.263492	1.736508	3.734293	1.532089	0.218000	1.314089	2.839664	-1.285575	-0.148000	-1.137575	2.431070	55306.954530
754555725902.000000 0.005947 1.992187	2.000000	0.263492	1.736508	3.754865	1.532089	0.218000	1.314089	2.855231	-1.285575	-0.148000	-1.137575	2.444547	55306.954530
754555739066.000000 0.006336 1.998521	2.000000	0.304821	1.695179	3.776330	1.532089	0.246000	1.286089	2.871516	-1.285575	-0.180000	-1.105575	2.458546	54431.878649
754555753050.000000 0.006731 2.005252	2.000000	0.304821	1.695179	3.799210	1.532089	0.246000	1.286089	2.888875	-1.285575	-0.180000	-1.105575	2.473468	54431.878649
754555767910.000000 0.007152 2.012401	2.000000	0.304821	1.695179	3.823610	1.532089	0.246000	1.286089	2.907386	-1.285575	-0.180000	-1.105575	2.489381	54431.878649
754555780453.000000 0.006037 2.018436	2.000000	0.304821	1.695179	3.844266	1.532089	0.246000	1.286089	2.923058	-1.285575	-0.180000	-1.105575	2.502853	54431.878649
754555793511.000000 0.006285 2.024720	2.000000	0.304821	1.695179	3.865838	1.532089	0.246000	1.286089	2.939423	-1.285575	-0.180000	-1.105575	2.516922	54431.878649
754555806432.000000 0.006219 2.030938	2.000000	0.304821	1.695179	3.887250	1.532089	0.246000	1.286089	2.955668	-1.285575	-0.180000	-1.105575	2.530886	54431.878649
754555819824.000000 0.006446 2.037381	2.000000	0.304821	1.695179	3.909511	1.532089	0.246000	1.286089	2.972557	-1.285575	-0.180000	-1.105575	2.545405	54431.878649
754555833883.000000 0.006767 2.044146	2.000000	0.304821	1.695179	3.932960	1.532089	0.246000	1.286089	2.990347	-1.285575	-0.180000	-1.105575	2.560698	54431.878649
754555846636.000000 0.006138 2.050284	2.000000	0.304821	1.695179	3.954294	1.532089	0.246000	1.286089	3.006533	-1.285575	-0.180000	-1.105575	2.574612	54431.878649
754555859672.000000 0.006275 2.056558	2.000000	0.304821	1.695179	3.976169	1.532089	0.246000	1.286089	3.023129	-1.285575	-0.180000	-1.105575	2.588878	54431.878649
754555872145.000000 0.006003 2.062558	2.000000	0.304821	1.695179	3.997159	1.532089	0.246000	1.286089	3.039053	-1.285575	-0.180000	-1.105575	2.602568	54431.878649
754555884581.000000 0.005986 2.068542	2.000000	0.304821	1.695179	4.018149	1.532089	0.246000	1.286089	3.054978	-1.285575	-0.180000	-1.105575	2.616257	54431.878649
754555897148.000000 0.006049 2.074590	2.000000	0.304821	1.695179	4.039423	1.532089	0.246000	1.286089	3.071118	-1.285575	-0.180000	-1.105575	2.630132	54431.878649
754555909285.000000 0.005842 2.080429	2.000000	0.304821	1.695179	4.060024	1.532089	0.246000	1.286089	3.086748	-1.285575	-0.180000	-1.105575	2.643568	54431.878649
754555921772.000000 0.006011 2.086438	2.000000	0.304821	1.695179	4.081283	1.532089	0.246000	1.286089	3.102876	-1.285575	-0.180000	-1.105575	2.657433	54431.878649
754555934149.000000 0.005957 2.092393	2.000000	0.304821	1.695179	4.102413	1.532089	0.246000	1.286089	3.118907	-1.285575	-0.180000	-1.105575	2.671213	54431.878649
754555946946.000000 0.006159 2.098551	2.000000	0.349245	1.650755	4.123750	1.532089	0.276000	1.256089	3.135143	-1.285575	-0.214000	-1.071575	2.685064	51081.121616
754555959887.000000 0.006229 2.104779	2.000000	0.349245	1.650755	4.145392	1.532089	0.276000	1.256089	3.151611	-1.285575	-0.214000	-1.071575	2.699113	51081.121616
754555974697.000000 0.007128 2.111905	2.000000	0.349245	1.650755	4.170244	1.532089	0.276000	1.256089	3.170521	-1.285575	-0.214000	-1.071575	2.715245	51081.121616
754555987070.000000 0.005955 2.117859	2.000000	0.349245	1.650755	4.191064	1.532089	0.276000	1.256089	3.186363	-1.285575	-0.214000	-1.071575	2.728760	51081.121616
754555999638.000000 0.006049 2.123905	2.000000	0.349245	1.650755	4.212272	1.532089	0.276000	1.256089	3.202501	-1.285575	-0.214000	-1.071575	2.742527	51081.121616
754556012712.000000 0.006293 2.130198	2.000000	0.349245	1.650755	4.234399	1.532089	0.276000	1.256089	3.219338	-1.285575	-0.214000	-1.071575	2.756891	51081.121616
754556025460.000000 0.006136 2.136332	2.000000	0.349245	1.650755	4.256037	1.532089	0.276000	1.256089	3.235802	-1.285575	-0.214000	-1.071575	2.770937	51081.121616
754556037913.000000 0.005994 2.142324	2.000000	0.349245	1.650755	4.277234	1.532089	0.276000	1.256089	3.251931	-1.285575	-0.214000	-1.071575	2.784697	51081.121616
754556050358.000000 0.005990 2.148312	2.000000	0.349245	1.650755	4.298476	1.532089	0.276000	1.256089	3.268095	-1.285575	-0.214000	-1.071575	2.798486	51081.121616
754556063619.000000 0.006383 2.154694	2.000000	0.349245	1.650755	4.321177	1.532089	0.276000	1.256089	3.285369	-1.285575	-0.214000	-1.071575	2.813223	51081.121616
754556076995.000000 0.006438 2.161131	2.000000	0.349245	1.650755	4.344146	1.532089	0.276000	1.256089	3.302846	-1.285575	-0.214000	-1.071575	2.828133	51081.121616
754556089800.000000 0.006163 2.167292	2.000000	0.349245	1.650755	4.366196	1.532089	0.276000	1.256089	3.319624	-1.285575	-0.214000	-1.071575	2.842446	51081.121616
754556102850.000000 0.006281 2.173571	2.000000	0.349245	1.650755	4.388732	1.532089	0.276000	1.256089	3.336772	-1.285575	-0.214000	-1.071575	2.857075	51081.121616
754556115431.000000 0.006056 2.179626	2.000000	0.349245	1.650755	4.410521	1.532089	0.276000	1.256089	3.353352	-1.285575	-0.214000	-1.071575	2.871219	51081.121616
754556128296.000000 0.006192 2.185816	2.000000	0.349245	1.650755	4.432865	1.532089	0.276000	1.256089	3.370354	-1.285575	-0.214000	-1.071575	2.885724	51081.121616
754556141353.000000 0.006284 2.192098	2.000000	0.349245	1.650755	4.455606	1.532089	0.276000	1.256089	3.387658	-1.285575	-0.214000	-1.071575	2.900486	51081.121616
754556154671.000000 0.006410 2.198507	2.000000	0.397322	1.602678	4.478191	1.532089	0.308000	1.224089	3.404908	-1.285575	-0.251000	-1.034575	2.915065	49435.687696
754556168855.000000 0.006827 2.205333	2.000000	0.397322	1.602678	4.502321	1.532089	0.308000	1.224089	3.423338	-1.285575	-0.251000	-1.034575	2.930642	49435.687696
754556184918.000000 0.007731 2.213062	2.000000	0.397322	1.602678	4.529743	1.532089	0.308000	1.224089	3.444282	-1.285575	-0.251000	-1.034575	2.948343	49435.687696
754556197575.000000 0.006092 2.219152	2.000000	0.397322	1.602678	4.551409	1.532089	0.308000	1.224089	3.460830	-1.285575	-0.251000	-1.034575	2.962330	49435.687696
754556210514.000000 0.006228 2.225378	2.000000	0.397322	1.602678	4.573622	1.532089	0.308000	1.224089	3.477796	-1.285575	-0.251000	-1.034575	2.976669	49435.687696
754556224490.000000 0.006727 2.232103	2.000000	0.397322	1.602678	4.597687	1.532089	0.308000	1.224089	3.496176	-1.285575	-0.251000	-1.034575	2.992203	49435.687696
754556237446.000000 0.006236 2.238338	2.000000	0.397322	1.602678	4.620057	1.532089	0.308000	1.224089	3.513262	-1.285575	-0.251000	-1.034575	3.006644	49435.687696
754556250401.000000 0.006235 2.244572	2.000000	0.397322	1.602678	4.642487	1.532089	0.308000	1.224089	3.530394	-1.285575	-0.251000	-1.034575	3.021123	49435.687696
754556263350.000000 0.006232 2.250802	2.000000	0.397322	1.602678	4.664969	1.532089	0.308000	1.224089	3.547565	-1.285575	-0.251000	-1.034575	3.035636	49435.687696
754556276319.000000 0.006243 2.257043	2.000000	0.397322	1.602678	4.687551	1.532089	0.308000	1.224089	3.564812	-1.285575	-0.251000	-1.034575	3.050213	49435.687696
754556290470.000000 0.006811 2.263852	2.000000	0.397322	1.602678	4.712262	1.532089	0.308000	1.224089	3.583686	-1.285575	-0.251000	-1.034575	3.066165	49435.687696
754556303225.000000 0.006140 2.269991	2.000000	0.397322	1.602678	4.734598	1.532089	0.308000	1.224089	3.600745	-1.285575	-0.251000	-1.034575	3.080583	49435.687696
754556316137.000000 0.006215 2.276203	2.000000	0.397322	1.602678	4.757269	1.532089	0.308000	1.224089	3.618061	-1.285575	-0.251000	-1.034575	3.095218	49435.687696
754556328905.000000 0.006145 2.282347	2.000000	0.397322	1.602678	4.779747	1.532089	0.308000	1.224089	3.635230	-1.285575	-0.251000	-1.034575	3.109729	49435.687696
754556341691.000000 0.006154 2.288500	2.000000	0.397322	1.602678	4.802318	1.532089	0.308000	1.224089	3.652469	-1.285575	-0.251000	-1.034575	3.124299	49435.687696
754556354340.000000 0.006089 2.294587	2.000000	0.448402	1.551598	4.823995	1.532089	0.342000	1.190089	3.669095	-1.285575	-0.290000	-0.995575	3.138208	49435.687696
754556367919.000000 0.006536 2.301120	2.000000	0.448402	1.551598	4.847330	1.532089	0.342000	1.190089	3.686993	-1.285575	-0.290000	-0.995575	3.153180	47902.303644
754556382438.000000 0.006988 2.308107	2.000000	0.448402	1.551598	4.872357	1.532089	0.342000	1.190089	3.706189	-1.285575	-0.290000	-0.995575	3.169239	47902.303644
754556395260.000000 0.006172 2.314277	2.000000	0.448402	1.551598	4.894519	1.532089	0.342000	1.190089	3.723187	-1.285575	-0.290000	-0.995575	3.183459	47902.303644
754556407901.000000 0.006085 2.320359	2.000000	0.448402	1.551598	4.916425	1.532089	0.342000	1.190089	3.739990	-1.285575	-0.290000	-0.995575	3.197515	47902.303644
754556420277.000000 0.005957 2.326315	2.000000	0.448402	1.551598	4.937926	1.532089	0.342000	1.190089	3.756481	-1.285575	-0.290000	-0.995575	3.211311	47902.303644
754556432572.000000 0.005918 2.332230	2.000000	0.448402	1.551598	4.959340	1.532089	0.342000	1.190089	3.772906	-1.285575	-0.290000	-0.995575	3.225051	47902.303644
754556444801.000000 0.005886 2.338115	2.000000	0.448402	1.551598	4.980693	1.532089	0.342000	1.190089	3.789284	-1.285575	-0.290000	-0.995575	3.238752	47902.303644
754556457280.000000 0.006006 2.344120	2.000000	0.448402	1.551598	5.002539	1.532089	0.342000	1.190089	3.806039	-1.285575	-0.290000	-0.995575	3.252769	47902.303644
754556469750.000000 0.006002 2.350121	2.000000	0.448402	1.551598	5.024426	1.532089	0.342000	1.190089	3.822827	-1.285575	-0.290000	-0.995575	3.266813	47902.303644
754556482549.000000 0.006160 2.356279	2.000000	0.448402	1.551598	5.046948	1.532089	0.342000	1.190089	3.840102	-1.285575	-0.290000	-0.995575	3.281264	47902.303644
754556495148.000000 0.006064 2.362342	2.000000	0.448402	1.551598	5.069175	1.532089	0.342000	1.190089	3.857150	-1.285575	-0.290000	-0.995575	3.295526	47902.303644
754556507707.000000 0.006045 2.368385	2.000000	0.448402	1.551598	5.091388	1.532089	0.342000	1.190089	3.874187	-1.285575	-0.290000	-0.995575	3.309779	47902.303644
754556521439.000000 0.006609 2.374993	2.000000	0.448402	1.551598	5.115743	1.532089	0.342000	1.190089	3.892868	-1.285575	-0.290000	-0.995575	3.325406	47902.303644
754556533912.000000 0.006003 2.380995	2.000000	0.448402	1.551598	5.137921	1.532089	0.342000	1.190089	3.909879	-1.285575	-0.290000	-0.995575	3.339637	47902.303644
754556546728.000000 0.006168 2.387162	2.000000	0.448402	1.551598	5.160767	1.532089	0.342000	1.190089	3.927402	-1.285575	-0.290000	-0.995575	3.354295	47902.303644
754556559358.000000 0.006079 2.393239	2.000000	0.448402	1.551598	5.183341	1.532089	0.342000	1.190089	3.944717	-1.285575	-0.290000	-0.995575	3.368780	47902.303644
754556572494.000000 0.006323 2.399560	2.000000	0.501687	1.498313	5.206074	1.532089	0.377000	1.155089	3.962242	-1.285575	-0.331000	-0.954575	3.383263	46304.031572
754556585971.000000 0.006487 2.406045	2.000000	0.501687	1.498313	5.229459	1.532089	0.377000	1.155089	3.980270	-1.285575	-0.331000	-0.954575	3.398162	46304.031572
754556599683.000000 0.006600 2.412643	2.000000	0.501687	1.498313	5.253318	1.532089	0.377000	1.155089	3.998663	-1.285575	-0.331000	-0.954575	3.413362	46304.031572
754556612290.000000 0.006068 2.418709	2.000000	0.501687	1.498313	5.275308	1.532089	0.377000	1.155089	4.015616	-1.285575	-0.331000	-0.954575	3.427372	46304.031572
754556624516.000000 0.005884 2.424593	2.000000	0.501687	1.498313	5.296685	1.532089	0.377000	1.155089	4.032096	-1.285575	-0.331000	-0.954575	3.440991	46304.031572
754556636778.000000 0.005902 2.430493	2.000000	0.501687	1.498313	5.318177	1.532089	0.377000	1.155089	4.048665	-1.285575	-0.331000	-0.954575	3.454684	46304.031572
754556650137.000000 0.006430 2.436921	2.000000	0.501687	1.498313	5.341655	1.532089	0.377000	1.155089	4.066765	-1.285575	-0.331000	-0.954575	3.469642	46304.031572
754556663116.000000 0.006247 2.443167	2.000000	0.501687	1.498313	5.364524	1.532089	0.377000	1.155089	4.084396	-1.285575	-0.331000	-0.954575	3.484212	46304.031572
754556675778.000000 0.006095 2.449260	2.000000	0.501687	1.498313	5.386891	1.532089	0.377000	1.155089	4.101638	-1.285575	-0.331000	-0.954575	3.498462	46304.031572
754556688943.000000 0.006337 2.455594	2.000000	0.501687	1.498313	5.410206	1.532089	0.377000	1.155089	4.119612	-1.285575	-0.331000	-0.954575	3.513315	46304.031572
754556701751.000000 0.006165 2.461758	2.000000	0.501687	1.498313	5.432943	1.532089	0.377000	1.155089	4.137141	-1.285575	-0.331000	-0.954575	3.527802	46304.031572
754556714467.000000 0.006120 2.467879	2.000000	0.501687	1.498313	5.455574	1.532089	0.377000	1.155089	4.154588	-1.285575	-0.331000	-0.954575	3.542220	46304.031572
754556728155.000000 0.006588 2.474464	2.000000	0.501687	1.498313	5.480001	1.532089	0.377000	1.155089	4.173419	-1.285575	-0.331000	-0.954575	3.557782	46304.031572
754556740930.000000 0.006149 2.480611	2.000000	0.501687	1.498313	5.502856	1.532089	0.377000	1.155089	4.191039	-1.285575	-0.331000	-0.954575	3.572343	46304.031572
754556754594.000000 0.006576 2.487185	2.000000	0.501687	1.498313	5.527363	1.532089	0.377000	1.155089	4.209932	-1.285575	-0.331000	-0.954575	3.587957	46304.031572
754556768101.000000 0.006501 2.493686	2.000000	0.501687	1.498313	5.551655	1.532089	0.377000	1.155089	4.228659	-1.285575	-0.331000	-0.954575	3.603433	46304.031572
754556781637.000000 0.006515 2.500199	2.000000	0.559330	1.440670	5.575121	1.532089	0.415000	1.117089	4.246855	-1.285575	-0.375000	-0.910575	3.618265	44575.617213
754556796051.000000 0.006938 2.507135	2.000000	0.559330	1.440670	5.600182	1.532089	0.415000	1.117089	4.266287	-1.285575	-0.375000	-0.910575	3.634104	44575.617213
754556810056.000000 0.006741 2.513873	2.000000	0.559330	1.440670	5.624594	1.532089	0.415000	1.117089	4.285216	-1.285575	-0.375000	-0.910575	3.649534	44575.617213
754556822874.000000 0.006169 2.520040	2.000000	0.559330	1.440670	5.646992	1.532089	0.415000	1.117089	4.302583	-1.285575	-0.375000	-0.910575	3.663691	44575.617213
754556835729.000000 0.006188 2.526227	2.000000	0.559330	1.440670	5.669512	1.532089	0.415000	1.117089	4.320045	-1.285575	-0.375000	-0.910575	3.677924	44575.617213
754556848594.000000 0.006192 2.532417	2.000000	0.559330	1.440670	5.692102	1.532089	0.415000	1.117089	4.337562	-1.285575	-0.375000	-0.910575	3.692203	44575.617213
754556861208.000000 0.006071 2.538486	2.000000	0.559330	1.440670	5.714305	1.532089	0.415000	1.117089	4.354778	-1.285575	-0.375000	-0.910575	3.706236	44575.617213
754556874054.000000 0.006183 2.544668	2.000000	0.559330	1.440670	5.736972	1.532089	0.415000	1.117089	4.372353	-1.285575	-0.375000	-0.910575	3.720562	44575.617213
754556887632.000000 0.006535 2.551202	2.000000	0.559330	1.440670	5.760991	1.532089	0.415000	1.117089	4.390978	-1.285575	-0.375000	-0.910575	3.735744	44575.617213
754556900558.000000 0.006222 2.557422	2.000000	0.559330	1.440670	5.783915	1.532089	0.415000	1.117089	4.408752	-1.285575	-0.375000	-0.910575	3.750233	44575.617213
754556913102.000000 0.006038 2.563457	2.000000	0.559330	1.440670	5.806212	1.532089	0.415000	1.117089	4.426042	-1.285575	-0.375000	-0.910575	3.764325	44575.617213
754556925609.000000 0.006020 2.569476	2.000000	0.559330	1.440670	5.828497	1.532089	0.415000	1.117089	4.443322	-1.285575	-0.375000	-0.910575	3.778411	44575.617213
754556938214.000000 0.006067 2.575541	2.000000	0.559330	1.440670	5.851010	1.532089	0.415000	1.117089	4.460778	-1.285575	-0.375000	-0.910575	3.792640	44575.617213
754556950734.000000 0.006026 2.581567	2.000000	0.559330	1.440670	5.873424	1.532089	0.415000	1.117089	4.478157	-1.285575	-0.375000	-0.910575	3.806807	44575.617213
754556964092.000000 0.006430 2.587994	2.000000	0.559330	1.440670	5.897396	1.532089	0.415000	1.117089	4.496746	-1.285575	-0.375000	-0.910575	3.821959	44575.617213
754556976494.000000 0.005970 2.593962	2.000000	0.559330	1.440670	5.919705	1.532089	0.415000	1.117089	4.514044	-1.285575	-0.375000	-0.910575	3.836059	44575.617213
754556989512.000000 0.006266 2.600226	2.000000	0.619158	1.380842	5.942202	1.532089	0.454000	1.078089	4.531608	-1.285575	-0.421000	-0.864575	3.850145	42782.528862
754557002932.000000 0.006460 2.606684	2.000000	0.619158	1.380842	5.965452	1.532089	0.454000	1.078089	4.549761	-1.285575	-0.421000	-0.864575	3.864702	42782.528862
754557016946.000000 0.006745 2.613427	2.000000	0.619158	1.380842	5.989794	1.532089	0.454000	1.078089	4.568766	-1.285575	-0.421000	-0.864575	3.879943	42782.528862
754557029527.000000 0.006056 2.619481	2.000000	0.619158	1.380842	6.011699	1.532089	0.454000	1.078089	4.585868	-1.285575	-0.421000	-0.864575	3.893658	42782.528862
754557041919.000000 0.005964 2.625444	2.000000	0.619158	1.380842	6.033322	1.532089	0.454000	1.078089	4.602750	-1.285575	-0.421000	-0.864575	3.907197	42782.528862
754557054536.000000 0.006073 2.631514	2.000000	0.619158	1.380842	6.055388	1.532089	0.454000	1.078089	4.619978	-1.285575	-0.421000	-0.864575	3.921013	42782.528862
754557068536.000000 0.006739 2.638253	2.000000	0.619158	1.380842	6.079937	1.532089	0.454000	1.078089	4.639144	-1.285575	-0.421000	-0.864575	3.936383	42782.528862
754557081181.000000 0.006086 2.644336	2.000000	0.619158	1.380842	6.102160	1.532089	0.454000	1.078089	4.656495	-1.285575	-0.421000	-0.864575	3.950298	42782.528862
754557093929.000000 0.006136 2.650470	2.000000	0.619158	1.380842	6.124615	1.532089	0.454000	1.078089	4.674027	-1.285575	-0.421000	-0.864575	3.964358	42782.528862
754557106395.000000 0.006000 2.656469	2.000000	0.619158	1.380842	6.146626	1.532089	0.454000	1.078089	4.691212	-1.285575	-0.421000	-0.864575	3.978139	42782.528862
754557118997.000000 0.006066 2.662534	2.000000	0.619158	1.380842	6.168928	1.532089	0.454000	1.078089	4.708624	-1.285575	-0.421000	-0.864575	3.992103	42782.528862
754557131924.000000 0.006222 2.668753	2.000000	0.619158	1.380842	6.191856	1.532089	0.454000	1.078089	4.726525	-1.285575	-0.421000	-0.864575	4.006458	42782.528862
754557152442.000000 0.009876 2.678627	2.000000	0.619158	1.380842	6.228383	1.532089	0.454000	1.078089	4.755043	-1.285575	-0.421000	-0.864575	4.029329	42782.528862
754557173419.000000 0.010096 2.688721	2.000000	0.619158	1.380842	6.265866	1.532089	0.454000	1.078089	4.784308	-1.285575	-0.421000	-0.864575	4.052798	42782.528862
754557188006.000000 0.007021 2.695740	2.000000	0.679111	1.320889	6.290866	1.532089	0.494000	1.038089	4.803956	-1.285575	-0.466000	-0.819575	4.068310	40997.390118
754557204068.000000 0.007730 2.703469	2.000000	0.679111	1.320889	6.318471	1.532089	0.494000	1.038089	4.825651	-1.285575	-0.466000	-0.819575	4.085438	40997.390118
754557221731.000000 0.008501 2.712015	2.000000	0.679111	1.320889	6.348925	1.532089	0.494000	1.038089	4.849584	-1.285575	-0.466000	-0.819575	4.104334	40997.390118
754557237010.000000 0.007355 2.719321	2.000000	0.679111	1.320889	6.375342	1.532089	0.494000	1.038089	4.870345	-1.285575	-0.466000	-0.819575	4.120725	40997.390118
754557251368.000000 0.006910 2.726229	2.000000	0.679111	1.320889	6.400226	1.532089	0.494000	1.038089	4.889902	-1.285575	-0.466000	-0.819575	4.136165	40997.390118
754557268815.000000 0.008397 2.734625	2.000000	0.679111	1.320889	6.430558	1.532089	0.494000	1.038089	4.913740	-1.285575	-0.466000	-0.819575	4.154985	40997.390118
754557284935.000000 0.007758 2.742381	2.000000	0.679111	1.320889	6.458662	1.532089	0.494000	1.038089	4.935827	-1.285575	-0.466000	-0.819575	4.172422	40997.390118
754557306688.000000 0.010469 2.752849	2.000000	0.679111	1.320889	6.496730	1.532089	0.494000	1.038089	4.965745	-1.285575	-0.466000	-0.819575	4.196043	40997.390118
754557324402.000000 0.008525 2.761373	2.000000	0.679111	1.320889	6.527826	1.532089	0.494000	1.038089	4.990183	-1.285575	-0.466000	-0.819575	4.215337	40997.390118
754557339807.000000 0.007414 2.768786	2.000000	0.679111	1.320889	6.554942	1.532089	0.494000	1.038089	5.011493	-1.285575	-0.466000	-0.819575	4.232161	40997.390118
754557353648.000000 0.006662 2.775446	2.000000	0.679111	1.320889	6.579365	1.532089	0.494000	1.038089	5.030688	-1.285575	-0.466000	-0.819575	4.247316	40997.390118
754557366597.000000 0.006233 2.781677	2.000000	0.679111	1.320889	6.602267	1.532089	0.494000	1.038089	5.048686	-1.285575	-0.466000	-0.819575	4.261525	40997.390118
754557379396.000000 0.006161 2.787835	2.000000	0.679111	1.320889	6.624955	1.532089	0.494000	1.038089	5.066517	-1.285575	-0.466000	-0.819575	4.275603	40997.390118
754557391884.000000 0.006011 2.793844	2.000000	0.679111	1.320889	6.647136	1.532089	0.494000	1.038089	5.083949	-1.285575	-0.466000	-0.819575	4.289365	40997.390118
754557404822.000000 0.006228 2.800070	2.000000	0.739076	1.260924	6.669123	1.532089	0.533000	0.999089	5.101371	-1.285575	-0.512000	-0.773575	4.302855	39211.902815
754557420512.000000 0.007551 2.807619	2.000000	0.739076	1.260924	6.695857	1.532089	0.533000	0.999089	5.122553	-1.285575	-0.512000	-0.773575	4.319255	39211.902815
754557440428.000000 0.009586 2.817204	2.000000	0.739076	1.260924	6.729910	1.532089	0.533000	0.999089	5.149535	-1.285575	-0.512000	-0.773575	4.340147	39211.902815
754557453477.000000 0.006281 2.823482	2.000000	0.739076	1.260924	6.752270	1.532089	0.533000	0.999089	5.167251	-1.285575	-0.512000	-0.773575	4.353865	39211.902815
754557468326.000000 0.007147 2.830627	2.000000	0.739076	1.260924	6.777778	1.532089	0.533000	0.999089	5.187462	-1.285575	-0.512000	-0.773575	4.369514	39211.902815
754557482062.000000 0.006611 2.837237	2.000000	0.739076	1.260924	6.801429	1.532089	0.533000	0.999089	5.206203	-1.285575	-0.512000	-0.773575	4.384024	39211.902815
754557495236.000000 0.006341 2.843577	2.000000	0.739076	1.260924	6.824164	1.532089	0.533000	0.999089	5.224216	-1.285575	-0.512000	-0.773575	4.397972	39211.902815
754557509229.000000 0.006735 2.850309	2.000000	0.739076	1.260924	6.848369	1.532089	0.533000	0.999089	5.243395	-1.285575	-0.512000	-0.773575	4.412821	39211.902815
754557522347.000000 0.006314 2.856622	2.000000	0.739076	1.260924	6.871112	1.532089	0.533000	0.999089	5.261416	-1.285575	-0.512000	-0.773575	4.426775	39211.902815
754557535060.000000 0.006119 2.862739	2.000000	0.739076	1.260924	6.893200	1.532089	0.533000	0.999089	5.278916	-1.285575	-0.512000	-0.773575	4.440325	39211.902815
754557547563.000000 0.006018 2.868755	2.000000	0.739076	1.260924	6.914968	1.532089	0.533000	0.999089	5.296164	-1.285575	-0.512000	-0.773575	4.453680	39211.902815
754557560264.000000 0.006113 2.874867	2.000000	0.739076	1.260924	6.937127	1.532089	0.533000	0.999089	5.313723	-1.285575	-0.512000	-0.773575	4.467275	39211.902815
754557573248.000000 0.006249 2.881115	2.000000	0.739076	1.260924	6.959830	1.532089	0.533000	0.999089	5.331711	-1.285575	-0.512000	-0.773575	4.481203	39211.902815
754557585835.000000 0.006058 2.887172	2.000000	0.739076	1.260924	6.981885	1.532089	0.533000	0.999089	5.349186	-1.285575	-0.512000	-0.773575	4.494733	39211.902815
754557598976.000000 0.006325 2.893495	2.000000	0.739076	1.260924	7.004961	1.532089	0.533000	0.999089	5.367470	-1.285575	-0.512000	-0.773575	4.508890	39211.902815
754557611904.000000 0.006222 2.899715	2.000000	0.799808	1.200192	7.026616	1.532089	0.573000	0.959089	5.384775	-1.285575	-0.558000	-0.727575	4.522018	37403.555597
754557625014.000000 0.006310 2.906024	2.000000	0.799808	1.200192	7.048625	1.532089	0.573000	0.959089	5.402363	-1.285575	-0.558000	-0.727575	4.535360	37403.555597
754557638783.000000 0.006627 2.912650	2.000000	0.799808	1.200192	7.071791	1.532089	0.573000	0.959089	5.420875	-1.285575	-0.558000	-0.727575	4.549404	37403.555597
754557653135.000000 0.006908 2.919556	2.000000	0.799808	1.200192	7.095997	1.532089	0.573000	0.959089	5.440218	-1.285575	-0.558000	-0.727575	4.564078	37403.555597
754557665792.000000 0.006092 2.925646	2.000000	0.799808	1.200192	7.117388	1.532089	0.573000	0.959089	5.457312	-1.285575	-0.558000	-0.727575	4.577045	37403.555597
754557679355.000000 0.006528 2.932173	2.000000	0.799808	1.200192	7.140360	1.532089	0.573000	0.959089	5.475669	-1.285575	-0.558000	-0.727575	4.590972	37403.555597
754557691952.000000 0.006063 2.938234	2.000000	0.799808	1.200192	7.161741	1.532089	0.573000	0.959089	5.492755	-1.285575	-0.558000	-0.727575	4.603933	37403.555597
754557704783.000000 0.006176 2.944409	2.000000	0.799808	1.200192	7.183566	1.532089	0.573000	0.959089	5.510196	-1.285575	-0.558000	-0.727575	4.617164	37403.555597
754557718029.000000 0.006375 2.950782	2.000000	0.799808	1.200192	7.206145	1.532089	0.573000	0.959089	5.528239	-1.285575	-0.558000	-0.727575	4.630851	37403.555597
754557731466.000000 0.006468 2.957249	2.000000	0.799808	1.200192	7.229100	1.532089	0.573000	0.959089	5.546583	-1.285575	-0.558000	-0.727575	4.644767	37403.555597
754557744632.000000 0.006338 2.963584	2.000000	0.799808	1.200192	7.251643	1.532089	0.573000	0.959089	5.564597	-1.285575	-0.558000	-0.727575	4.658433	37403.555597
754557757447.000000 0.006168 2.969750	2.000000	0.799808	1.200192	7.273629	1.532089	0.573000	0.959089	5.582166	-1.285575	-0.558000	-0.727575	4.671761	37403.555597
754557770357.000000 0.006214 2.975963	2.000000	0.799808	1.200192	7.295824	1.532089	0.573000	0.959089	5.599903	-1.285575	-0.558000	-0.727575	4.685216	37403.555597
754557782851.000000 0.006013 2.981974	2.000000	0.799808	1.200192	7.317346	1.532089	0.573000	0.959089	5.617101	-1.285575	-0.558000	-0.727575	4.698263	37403.555597
754557795802.000000 0.006233 2.988206	2.000000	0.799808	1.200192	7.339701	1.532089	0.573000	0.959089	5.634965	-1.285575	-0.558000	-0.727575	4.711815	37403.555597
754557808779.000000 0.006246 2.994450	2.000000	0.859860	1.140140	7.361025	1.532089	0.612000	0.920089	5.652174	-1.285575	-0.604000	-0.681575	4.724563	37403.555597
754557822470.000000 0.006590 3.001039	2.000000	0.859860	1.140140	7.383573	1.532089	0.612000	0.920089	5.670370	-1.285575	-0.604000	-0.681575	4.738042	35615.455135
754557837536.000000 0.007251 3.008289	2.000000	0.859860	1.140140	7.408443	1.532089	0.612000	0.920089	5.690440	-1.285575	-0.604000	-0.681575	4.752909	35615.455135
754557851581.000000 0.006760 3.015047	2.000000	0.859860	1.140140	7.431682	1.532089	0.612000	0.920089	5.709194	-1.285575	-0.604000	-0.681575	4.766802	35615.455135
754557864810.000000 0.006367 3.021412	2.000000	0.859860	1.140140	7.453616	1.532089	0.612000	0.920089	5.726894	-1.285575	-0.604000	-0.681575	4.779914	35615.455135
754557877582.000000 0.006147 3.027558	2.000000	0.859860	1.140140	7.474835	1.532089	0.612000	0.920089	5.744018	-1.285575	-0.604000	-0.681575	4.792598	35615.455135
754557891176.000000 0.006543 3.034099	2.000000	0.859860	1.140140	7.497469	1.532089	0.612000	0.920089	5.762283	-1.285575	-0.604000	-0.681575	4.806129	35615.455135
754557903581.000000 0.005971 3.040068	2.000000	0.859860	1.140140	7.518163	1.532089	0.612000	0.920089	5.778984	-1.285575	-0.604000	-0.681575	4.818500	35615.455135
754557916949.000000 0.006434 3.046500	2.000000	0.859860	1.140140	7.540512	1.532089	0.612000	0.920089	5.797019	-1.285575	-0.604000	-0.681575	4.831860	35615.455135
754557929510.000000 0.006046 3.052545	2.000000	0.859860	1.140140	7.561554	1.532089	0.612000	0.920089	5.814000	-1.285575	-0.604000	-0.681575	4.844439	35615.455135
754557942850.000000 0.006421 3.058964	2.000000	0.859860	1.140140	7.583949	1.532089	0.612000	0.920089	5.832072	-1.285575	-0.604000	-0.681575	4.857826	35615.455135
754557955444.000000 0.006062 3.065025	2.000000	0.859860	1.140140	7.605131	1.532089	0.612000	0.920089	5.849166	-1.285575	-0.604000	-0.681575	4.870489	35615.455135
754557969075.000000 0.006561 3.071584	2.000000	0.859860	1.140140	7.628108	1.532089	0.612000	0.920089	5.867709	-1.285575	-0.604000	-0.681575	4.884225	35615.455135
754557981271.000000 0.005870 3.077451	2.000000	0.859860	1.140140	7.648703	1.532089	0.612000	0.920089	5.884329	-1.285575	-0.604000	-0.681575	4.896536	35615.455135
754557993759.000000 0.006011 3.083461	2.000000	0.859860	1.140140	7.669835	1.532089	0.612000	0.920089	5.901382	-1.285575	-0.604000	-0.681575	4.909169	35615.455135
754558006139.000000 0.005959 3.089418	2.000000	0.859860	1.140140	7.690823	1.532089	0.612000	0.920089	5.918320	-1.285575	-0.604000	-0.681575	4.921716	35615.455135
754558018622.000000 0.006008 3.095425	2.000000	0.920654	1.079346	7.710897	1.532089	0.652000	0.880089	5.934688	-1.285575	-0.650000	-0.635575	4.933536	35615.455135
754558032029.000000 0.006453 3.101877	2.000000	0.920654	1.079346	7.732502	1.532089	0.652000	0.880089	5.952305	-1.285575	-0.650000	-0.635575	4.946259	33805.281663
754558046206.000000 0.006823 3.108698	2.000000	0.920654	1.079346	7.755397	1.532089	0.652000	0.880089	5.970973	-1.285575	-0.650000	-0.635575	4.959740	33805.281663
754558059174.000000 0.006242 3.114938	2.000000	0.920654	1.079346	7.776383	1.532089	0.652000	0.880089	5.988085	-1.285575	-0.650000	-0.635575	4.972098	33805.281663
754558071446.000000 0.005907 3.120844	2.000000	0.920654	1.079346	7.796280	1.532089	0.652000	0.880089	6.004308	-1.285575	-0.650000	-0.635575	4.983814	33805.281663
754558084063.000000 0.006073 3.126915	2.000000	0.920654	1.079346	7.816777	1.532089	0.652000	0.880089	6.021021	-1.285575	-0.650000	-0.635575	4.995884	33805.281663
754558096394.000000 0.005935 3.132848	2.000000	0.920654	1.079346	7.836845	1.532089	0.652000	0.880089	6.037385	-1.285575	-0.650000	-0.635575	5.007702	33805.281663
754558109449.000000 0.006283 3.139130	2.000000	0.920654	1.079346	7.858135	1.532089	0.652000	0.880089	6.054744	-1.285575	-0.650000	-0.635575	5.020238	33805.281663
754558122400.000000 0.006233 3.145362	2.000000	0.920654	1.079346	7.879297	1.532089	0.652000	0.880089	6.071999	-1.285575	-0.650000	-0.635575	5.032699	33805.281663
754558135046.000000 0.006087 3.151447	2.000000	0.920654	1.079346	7.900000	1.532089	0.652000	0.880089	6.088881	-1.285575	-0.650000	-0.635575	5.044890	33805.281663
754558147613.000000 0.006049 3.157495	2.000000	0.920654	1.079346	7.920614	1.532089	0.652000	0.880089	6.105689	-1.285575	-0.650000	-0.635575	5.057029	33805.281663
754558161294.000000 0.006585 3.164078	2.000000	0.920654	1.079346	7.943103	1.532089	0.652000	0.880089	6.124027	-1.285575	-0.650000	-0.635575	5.070272	33805.281663
754558177024.000000 0.007571 3.171647	2.000000	0.920654	1.079346	7.969021	1.532089	0.652000	0.880089	6.145160	-1.285575	-0.650000	-0.635575	5.085533	33805.281663
754558193583.000000 0.007970 3.179615	2.000000	0.920654	1.079346	7.996373	1.532089	0.652000	0.880089	6.167463	-1.285575	-0.650000	-0.635575	5.101640	33805.281663
754558209048.000000 0.007444 3.187058	2.000000	0.920654	1.079346	8.021980	1.532089	0.652000	0.880089	6.188342	-1.285575	-0.650000	-0.635575	5.116719	33805.281663
754558224793.000000 0.007578 3.194633	2.000000	0.980054	1.019946	8.046673	1.532089	0.691000	0.841089	6.208705	-1.285575	-0.695000	-0.590575	5.131016	33805.281663
754558242282.000000 0.008417 3.203049	2.000000	0.980054	1.019946	8.074173	1.532089	0.691000	0.841089	6.231382	-1.285575	-0.695000	-0.590575	5.146939	32036.606476
754558261001.000000 0.009009 3.212057	2.000000	0.980054	1.019946	8.103688	1.532089	0.691000	0.841089	6.255722	-1.285575	-0.695000	-0.590575	5.164030	32036.606476
754558276942.000000 0.007673 3.219728	2.000000	0.980054	1.019946	8.128886	1.532089	0.691000	0.841089	6.276501	-1.285575	-0.695000	-0.590575	5.178620	32036.606476
754558293646.000000 0.008040 3.227765	2.000000	0.980054	1.019946	8.155354	1.532089	0.691000	0.841089	6.298328	-1.285575	-0.695000	-0.590575	5.193946	32036.606476
754558310354.000000 0.008042 3.235805	2.000000	0.980054	1.019946	8.181895	1.532089	0.691000	0.841089	6.320214	-1.285575	-0.695000	-0.590575	5.209313	32036.606476
754558328413.000000 0.008692 3.244495	2.000000	0.980054	1.019946	8.210658	1.532089	0.691000	0.841089	6.343933	-1.285575	-0.695000	-0.590575	5.225968	32036.606476
754558344785.000000 0.007880 3.252374	2.000000	0.980054	1.019946	8.236799	1.532089	0.691000	0.841089	6.365491	-1.285575	-0.695000	-0.590575	5.241104	32036.606476
754558360271.000000 0.007454 3.259825	2.000000	0.980054	1.019946	8.261583	1.532089	0.691000	0.841089	6.385928	-1.285575	-0.695000	-0.590575	5.255455	32036.606476
754558376626.000000 0.007872 3.267695	2.000000	0.980054	1.019946	8.287819	1.532089	0.691000	0.841089	6.407563	-1.285575	-0.695000	-0.590575	5.270646	32036.606476
754558392922.000000 0.007843 3.275536	2.000000	0.980054	1.019946	8.314023	1.532089	0.691000	0.841089	6.429172	-1.285575	-0.695000	-0.590575	5.285819	32036.606476
754558409355.000000 0.007910 3.283444	2.000000	0.980054	1.019946	8.340512	1.532089	0.691000	0.841089	6.451017	-1.285575	-0.695000	-0.590575	5.301157	32036.606476
754558425741.000000 0.007887 3.291328	2.000000	0.980054	1.019946	8.366988	1.532089	0.691000	0.841089	6.472849	-1.285575	-0.695000	-0.590575	5.316487	32036.606476
754558441889.000000 0.007773 3.299099	2.000000	1.040885	0.959115	8.391582	1.532089	0.731000	0.801089	6.493392	-1.285575	-0.741000	-0.544575	5.330451	30225.317650
754558458575.000000 0.008031 3.307128	2.000000	1.040885	0.959115	8.417056	1.532089	0.731000	0.801089	6.514668	-1.285575	-0.741000	-0.544575	5.344915	30225.317650
754558476896.000000 0.008818 3.315943	2.000000	1.040885	0.959115	8.445100	1.532089	0.731000	0.801089	6.538092	-1.285575	-0.741000	-0.544575	5.360838	30225.317650
754558493006.000000 0.007754 3.323696	2.000000	1.040885	0.959115	8.469820	1.532089	0.731000	0.801089	6.558739	-1.285575	-0.741000	-0.544575	5.374874	30225.317650
754558509377.000000 0.007879 3.331573	2.000000	1.040885	0.959115	8.494996	1.532089	0.731000	0.801089	6.579767	-1.285575	-0.741000	-0.544575	5.389169	30225.317650
754558525548.000000 0.007783 3.339354	2.000000	1.040885	0.959115	8.519925	1.532089	0.731000	0.801089	6.600588	-1.285575	-0.741000	-0.544575	5.403323	30225.317650
754558541557.000000 0.007705 3.347057	2.000000	1.040885	0.959115	8.544660	1.532089	0.731000	0.801089	6.621248	-1.285575	-0.741000	-0.544575	5.417367	30225.317650
754558557950.000000 0.007890 3.354946	2.000000	1.040885	0.959115	8.570049	1.532089	0.731000	0.801089	6.642454	-1.285575	-0.741000	-0.544575	5.431783	30225.317650
754558574315.000000 0.007878 3.362823	2.000000	1.040885	0.959115	8.595458	1.532089	0.731000	0.801089	6.663677	-1.285575	-0.741000	-0.544575	5.446210	30225.317650
754558590568.000000 0.007823 3.370642	2.000000	1.040885	0.959115	8.620748	1.532089	0.731000	0.801089	6.684800	-1.285575	-0.741000	-0.544575	5.460569	30225.317650
754558606847.000000 0.007835 3.378474	2.000000	1.040885	0.959115	8.646137	1.532089	0.731000	0.801089	6.706005	-1.285575	-0.741000	-0.544575	5.474985	30225.317650
754558622531.000000 0.007549 3.386022	2.000000	1.040885	0.959115	8.670653	1.532089	0.731000	0.801089	6.726482	-1.285575	-0.741000	-0.544575	5.488905	30225.317650
754558640128.000000 0.008470 3.394490	2.000000	1.101031	0.898969	8.696499	1.532089	0.770000	0.762089	6.748393	-1.285575	-0.787000	-0.498575	5.503239	30225.317650
754558656877.000000 0.008061 3.402549	2.000000	1.101031	0.898969	8.721156	1.532089	0.770000	0.762089	6.769295	-1.285575	-0.787000	-0.498575	5.516914	28434.438265
754558674539.000000 0.008501 3.411048	2.000000	1.101031	0.898969	8.747223	1.532089	0.770000	0.762089	6.791393	-1.285575	-0.787000	-0.498575	5.531371	28434.438265
754558690322.000000 0.007597 3.418642	2.000000	1.101031	0.898969	8.770569	1.532089	0.770000	0.762089	6.811184	-1.285575	-0.787000	-0.498575	5.544319	28434.438265
754558706183.000000 0.007634 3.426274	2.000000	1.101031	0.898969	8.794081	1.532089	0.770000	0.762089	6.831117	-1.285575	-0.787000	-0.498575	5.557359	28434.438265
754558721776.000000 0.007505 3.433778	2.000000	1.101031	0.898969	8.817249	1.532089	0.770000	0.762089	6.850757	-1.285575	-0.787000	-0.498575	5.570208	28434.438265
754558737951.000000 0.007786 3.441562	2.000000	1.101031	0.898969	8.841336	1.532089	0.770000	0.762089	6.871177	-1.285575	-0.787000	-0.498575	5.583567	28434.438265
754558754104.000000 0.007775 3.449334	2.000000	1.101031	0.898969	8.865446	1.532089	0.770000	0.762089	6.891615	-1.285575	-0.787000	-0.498575	5.596938	28434.438265
754558770601.000000 0.007941 3.457272	2.000000	1.101031	0.898969	8.890125	1.532089	0.770000	0.762089	6.912537	-1.285575	-0.787000	-0.498575	5.610626	28434.438265
754558786438.000000 0.007623 3.464892	2.000000	1.101031	0.898969	8.913868	1.532089	0.770000	0.762089	6.932664	-1.285575	-0.787000	-0.498575	5.623794	28434.438265
754558804715.000000 0.008797 3.473687	2.000000	1.101031	0.898969	8.941338	1.532089	0.770000	0.762089	6.955951	-1.285575	-0.787000	-0.498575	5.639029	28434.438265
754558821038.000000 0.007856 3.481543	2.000000	1.101031	0.898969	8.965927	1.532089	0.770000	0.762089	6.976796	-1.285575	-0.787000	-0.498575	5.652666	28434.438265
754558837696.000000 0.008018 3.489558	2.000000	1.101031	0.898969	8.991080	1.532089	0.770000	0.762089	6.998119	-1.285575	-0.787000	-0.498575	5.666616	28434.438265
754558853875.000000 0.007788 3.497343	2.000000	1.161890	0.838110	9.013906	1.532089	0.810000	0.722089	7.017786	-1.285575	-0.833000	-0.452575	5.678942	26622.307693
754558871354.000000 0.008413 3.505755	2.000000	1.161890	0.838110	9.038624	1.532089	0.810000	0.722089	7.039083	-1.285575	-0.833000	-0.452575	5.692290	26622.307693
754558889810.000000 0.008883 3.514636	2.000000	1.161890	0.838110	9.064791	1.532089	0.810000	0.722089	7.061627	-1.285575	-0.833000	-0.452575	5.706420	26622.307693
754558906447.000000 0.008008 3.522641	2.000000	1.161890	0.838110	9.088434	1.532089	0.810000	0.722089	7.081997	-1.285575	-0.833000	-0.452575	5.719187	26622.307693
754558922600.000000 0.007775 3.530413	2.000000	1.161890	0.838110	9.111438	1.532089	0.810000	0.722089	7.101817	-1.285575	-0.833000	-0.452575	5.731609	26622.307693
754558938980.000000 0.007884 3.538294	2.000000	1.161890	0.838110	9.134817	1.532089	0.810000	0.722089	7.121959	-1.285575	-0.833000	-0.452575	5.744234	26622.307693
754558955689.000000 0.008042 3.546335	2.000000	1.161890	0.838110	9.158721	1.532089	0.810000	0.722089	7.142554	-1.285575	-0.833000	-0.452575	5.757141	26622.307693
754558971891.000000 0.007799 3.554132	2.000000	1.161890	0.838110	9.181951	1.532089	0.810000	0.722089	7.162568	-1.285575	-0.833000	-0.452575	5.769685	26622.307693
754558988757.000000 0.008118 3.562248	2.000000	1.161890	0.838110	9.206188	1.532089	0.810000	0.722089	7.183450	-1.285575	-0.833000	-0.452575	5.782773	26622.307693
754559009360.000000 0.009916 3.572162	2.000000	1.161890	0.838110	9.235876	1.532089	0.810000	0.722089	7.209029	-1.285575	-0.833000	-0.452575	5.798805	26622.307693
754559030215.000000 0.010038 3.582196	2.000000	1.161890	0.838110	9.266012	1.532089	0.810000	0.722089	7.234993	-1.285575	-0.833000	-0.452575	5.815078	26622.307693
754559050309.000000 0.009671 3.591865	2.000000	1.161890	0.838110	9.295126	1.532089	0.810000	0.722089	7.260076	-1.285575	-0.833000	-0.452575	5.830799	26622.307693
754559070322.000000 0.009633 3.601496	2.000000	1.221346	0.778654	9.322140	1.532089	0.849000	0.683089	7.283774	-1.285575	-0.878000	-0.407575	5.844939	24851.984886
754559093772.000000 0.011286 3.612780	2.000000	1.221346	0.778654	9.353889	1.532089	0.849000	0.683089	7.311627	-1.285575	-0.878000	-0.407575	5.861558	24851.984886
754559114054.000000 0.009762 3.622539	2.000000	1.221346	0.778654	9.381425	1.532089	0.849000	0.683089	7.335784	-1.285575	-0.878000	-0.407575	5.875971	24851.984886
754559133401.000000 0.009312 3.631849	2.000000	1.221346	0.778654	9.407758	1.532089	0.849000	0.683089	7.358884	-1.285575	-0.878000	-0.407575	5.889755	24851.984886
754559153953.000000 0.009892 3.641739	2.000000	1.221346	0.778654	9.435807	1.532089	0.849000	0.683089	7.383492	-1.285575	-0.878000	-0.407575	5.904437	24851.984886
754559173356.000000 0.009338 3.651074	2.000000	1.221346	0.778654	9.462356	1.532089	0.849000	0.683089	7.406782	-1.285575	-0.878000	-0.407575	5.918334	24851.984886
754559194234.000000 0.010049 3.661122	2.000000	1.221346	0.778654	9.491002	1.532089	0.849000	0.683089	7.431912	-1.285575	-0.878000	-0.407575	5.933328	24851.984886
754559214905.000000 0.009949 3.671068	2.000000	1.221346	0.778654	9.519441	1.532089	0.849000	0.683089	7.456860	-1.285575	-0.878000	-0.407575	5.948214	24851.984886
754559236162.000000 0.010231 3.681296	2.000000	1.221346	0.778654	9.548768	1.532089	0.849000	0.683089	7.482588	-1.285575	-0.878000	-0.407575	5.963564	24851.984886
754559255429.000000 0.009274 3.690569	2.000000	1.221346	0.778654	9.575417	1.532089	0.849000	0.683089	7.505966	-1.285575	-0.878000	-0.407575	5.977513	24851.984886
754559275985.000000 0.009893 3.700459	2.000000	1.282223	0.717777	9.601694	1.532089	0.889000	0.643089	7.529510	-1.285575	-0.924000	-0.361575	5.990751	23039.303452
754559299363.000000 0.011251 3.711709	2.000000	1.282223	0.717777	9.631670	1.532089	0.889000	0.643089	7.556366	-1.285575	-0.924000	-0.361575	6.005851	23039.303452
754559320213.000000 0.010035 3.721742	2.000000	1.282223	0.717777	9.658478	1.532089	0.889000	0.643089	7.580384	-1.285575	-0.924000	-0.361575	6.019355	23039.303452
754559337976.000000 0.008550 3.730289	2.000000	1.282223	0.717777	9.681370	1.532089	0.889000	0.643089	7.600895	-1.285575	-0.924000	-0.361575	6.030887	23039.303452
754559355943.000000 0.008647 3.738935	2.000000	1.282223	0.717777	9.704577	1.532089	0.889000	0.643089	7.621687	-1.285575	-0.924000	-0.361575	6.042577	23039.303452
754559375609.000000 0.009466 3.748397	2.000000	1.282223	0.717777	9.730044	1.532089	0.889000	0.643089	7.644504	-1.285575	-0.924000	-0.361575	6.055406	23039.303452
754559397073.000000 0.010330 3.758726	2.000000	1.282223	0.717777	9.757915	1.532089	0.889000	0.643089	7.669475	-1.285575	-0.924000	-0.361575	6.069446	23039.303452
754559416403.000000 0.009303 3.768027	2.000000	1.282223	0.717777	9.783077	1.532089	0.889000	0.643089	7.692018	-1.285575	-0.924000	-0.361575	6.082121	23039.303452
754559434773.000000 0.008842 3.776867	2.000000	1.282223	0.717777	9.807046	1.532089	0.889000	0.643089	7.713494	-1.285575	-0.924000	-0.361575	6.094195	23039.303452
754559454014.000000 0.009260 3.786125	2.000000	1.282223	0.717777	9.832212	1.532089	0.889000	0.643089	7.736041	-1.285575	-0.924000	-0.361575	6.106872	23039.303452
754559473116.000000 0.009194 3.795317	2.000000	1.342417	0.657583	9.855156	1.532089	0.928000	0.604089	7.757119	-1.285575	-0.970000	-0.315575	6.117883	21246.992365
754559491347.000000 0.008775 3.804090	2.000000	1.342417	0.657583	9.877107	1.532089	0.928000	0.604089	7.777284	-1.285575	-0.970000	-0.315575	6.128418	21246.992365
754559512127.000000 0.010001 3.814089	2.000000	1.342417	0.657583	9.902191	1.532089	0.928000	0.604089	7.800327	-1.285575	-0.970000	-0.315575	6.140455	21246.992365
754559530072.000000 0.008637 3.822723	2.000000	1.342417	0.657583	9.923902	1.532089	0.928000	0.604089	7.820272	-1.285575	-0.970000	-0.315575	6.150875	21246.992365
754559544455.000000 0.006923 3.829644	2.000000	1.342417	0.657583	9.941336	1.532089	0.928000	0.604089	7.836288	-1.285575	-0.970000	-0.315575	6.159241	21246.992365
754559559164.000000 0.007080 3.836722	2.000000	1.342417	0.657583	9.959198	1.532089	0.928000	0.604089	7.852697	-1.285575	-0.970000	-0.315575	6.167813	21246.992365
754559573079.000000 0.006697 3.843417	2.000000	1.342417	0.657583	9.976124	1.532089	0.928000	0.604089	7.868246	-1.285575	-0.970000	-0.315575	6.175936	21246.992365
754559586630.000000 0.006523 3.849939	2.000000	1.342417	0.657583	9.992637	1.532089	0.928000	0.604089	7.883416	-1.285575	-0.970000	-0.315575	6.183861	21246.992365
754559600744.000000 0.006793 3.856730	2.000000	1.342417	0.657583	10.009866	1.532089	0.928000	0.604089	7.899243	-1.285575	-0.970000	-0.315575	6.192129	21246.992365
754559614680.000000 0.006708 3.863436	2.000000	1.342417	0.657583	10.026907	1.532089	0.928000	0.604089	7.914898	-1.285575	-0.970000	-0.315575	6.200307	21246.992365
754559629264.000000 0.007020 3.870454	2.000000	1.342417	0.657583	10.044773	1.532089	0.928000	0.604089	7.931311	-1.285575	-0.970000	-0.315575	6.208881	21246.992365
754559644242.000000 0.007209 3.877661	2.000000	1.342417	0.657583	10.063156	1.532089	0.928000	0.604089	7.948198	-1.285575	-0.970000	-0.315575	6.217703	21246.992365
754559658671.000000 0.006945 3.884604	2.000000	1.342417	0.657583	10.080897	1.532089	0.928000	0.604089	7.964496	-1.285575	-0.970000	-0.315575	6.226217	21246.992365
754559675708.000000 0.008200 3.892802	2.000000	1.342417	0.657583	10.101888	1.532089	0.928000	0.604089	7.983779	-1.285575	-0.970000	-0.315575	6.236290	21246.992365
754559692674.000000 0.008166 3.900966	2.000000	1.403310	0.596690	10.120896	1.532089	0.968000	0.564089	8.001749	-1.285575	-1.016000	-0.269575	6.244878	19433.856578
754559709411.000000 0.008056 3.909022	2.000000	1.403310	0.596690	10.139687	1.532089	0.968000	0.564089	8.019513	-1.285575	-1.016000	-0.269575	6.253367	19433.856578
754559725772.000000 0.007874 3.916892	2.000000	1.403310	0.596690	10.158090	1.532089	0.968000	0.564089	8.036910	-1.285575	-1.016000	-0.269575	6.261682	19433.856578
754559741260.000000 0.007455 3.924345	2.000000	1.403310	0.596690	10.175546	1.532089	0.968000	0.564089	8.053413	-1.285575	-1.016000	-0.269575	6.269568	19433.856578
754559756887.000000 0.007522 3.931865	2.000000	1.403310	0.596690	10.193192	1.532089	0.968000	0.564089	8.070095	-1.285575	-1.016000	-0.269575	6.277540	19433.856578
754559772132.000000 0.007338 3.939201	2.000000	1.403310	0.596690	10.210439	1.532089	0.968000	0.564089	8.086400	-1.285575	-1.016000	-0.269575	6.285332	19433.856578
754559786197.000000 0.006770 3.945969	2.000000	1.403310	0.596690	10.226379	1.532089	0.968000	0.564089	8.101468	-1.285575	-1.016000	-0.269575	6.292534	19433.856578
754559801222.000000 0.007231 3.953198	2.000000	1.403310	0.596690	10.243437	1.532089	0.968000	0.564089	8.117594	-1.285575	-1.016000	-0.269575	6.300240	19433.856578
754559816358.000000 0.007285 3.960482	2.000000	1.403310	0.596690	10.260653	1.532089	0.968000	0.564089	8.133870	-1.285575	-1.016000	-0.269575	6.308018	19433.856578
754559830430.000000 0.006773 3.967253	2.000000	1.403310	0.596690	10.276687	1.532089	0.968000	0.564089	8.149028	-1.285575	-1.016000	-0.269575	6.315262	19433.856578
754559844538.000000 0.006791 3.974041	2.000000	1.403310	0.596690	10.292789	1.532089	0.968000	0.564089	8.164250	-1.285575	-1.016000	-0.269575	6.322537	19433.856578
754559861095.000000 0.007969 3.982009	2.000000	1.403310	0.596690	10.311724	1.532089	0.968000	0.564089	8.182150	-1.285575	-1.016000	-0.269575	6.331091	19433.856578
754559877067.000000 0.007688 3.989695	2.000000	1.403310	0.596690	10.330025	1.532089	0.968000	0.564089	8.199451	-1.285575	-1.016000	-0.269575	6.339359	19433.856578
754559891593.000000 0.006992 3.996684	2.000000	1.462795	0.537205	10.345036	1.532089	1.007000	0.525089	8.214124	-1.285575	-1.061000	-0.224575	6.345634	17662.652466
754559908184.000000 0.007986 4.004669	2.000000	1.462795	0.537205	10.362216	1.532089	1.007000	0.525089	8.230917	-1.285575	-1.061000	-0.224575	6.352817	17662.652466
754559926869.000000 0.008993 4.013661	2.000000	1.462795	0.537205	10.381608	1.532089	1.007000	0.525089	8.249871	-1.285575	-1.061000	-0.224575	6.360923	17662.652466
754559945182.000000 0.008814 4.022470	2.000000	1.462795	0.537205	10.400653	1.532089	1.007000	0.525089	8.268486	-1.285575	-1.061000	-0.224575	6.368885	17662.652466
754559962608.000000 0.008387 4.030856	2.000000	1.462795	0.537205	10.418814	1.532089	1.007000	0.525089	8.286238	-1.285575	-1.061000	-0.224575	6.376477	17662.652466
754559978177.000000 0.007494 4.038348	2.000000	1.462795	0.537205	10.435071	1.532089	1.007000	0.525089	8.302128	-1.285575	-1.061000	-0.224575	6.383273	17662.652466
754559993390.000000 0.007322 4.045668	2.000000	1.462795	0.537205	10.450984	1.532089	1.007000	0.525089	8.317682	-1.285575	-1.061000	-0.224575	6.389925	17662.652466
754560008353.000000 0.007202 4.052868	2.000000	1.462795	0.537205	10.466664	1.532089	1.007000	0.525089	8.333009	-1.285575	-1.061000	-0.224575	6.396480	17662.652466
754560023122.000000 0.007109 4.059975	2.000000	1.462795	0.537205	10.482168	1.532089	1.007000	0.525089	8.348164	-1.285575	-1.061000	-0.224575	6.402962	17662.652466
754560037987.000000 0.007155 4.067128	2.000000	1.462795	0.537205	10.497801	1.532089	1.007000	0.525089	8.363444	-1.285575	-1.061000	-0.224575	6.409497	17662.652466
754560052594.000000 0.007031 4.074156	2.000000	1.462795	0.537205	10.513189	1.532089	1.007000	0.525089	8.378484	-1.285575	-1.061000	-0.224575	6.415930	17662.652466
754560067560.000000 0.007203 4.081358	2.000000	1.462795	0.537205	10.528982	1.532089	1.007000	0.525089	8.393922	-1.285575	-1.061000	-0.224575	6.422532	17662.652466
754560081302.000000 0.006614 4.087971	2.000000	1.462795	0.537205	10.543508	1.532089	1.007000	0.525089	8.408120	-1.285575	-1.061000	-0.224575	6.428605	17662.652466
754560094867.000000 0.006529 4.094498	2.000000	1.523699	0.476301	10.556242	1.532089	1.047000	0.485089	8.421089	-1.285575	-1.107000	-0.178575	6.433379	17662.652466
754560109178.000000 0.006888 4.101385	2.000000	1.523699	0.476301	10.569698	1.532089	1.047000	0.485089	8.434793	-1.285575	-1.107000	-0.178575	6.438424	15849.207887
754560124170.000000 0.007216 4.108599	2.000000	1.523699	0.476301	10.583820	1.532089	1.047000	0.485089	8.449176	-1.285575	-1.107000	-0.178575	6.443718	15849.207887
754560138619.000000 0.006954 4.115551	2.000000	1.523699	0.476301	10.597452	1.532089	1.047000	0.485089	8.463059	-1.285575	-1.107000	-0.178575	6.448829	15849.207887
754560153494.000000 0.007160 4.122709	2.000000	1.523699	0.476301	10.611511	1.532089	1.047000	0.485089	8.477377	-1.285575	-1.107000	-0.178575	6.454100	15849.207887
754560167115.000000 0.006556 4.129263	2.000000	1.523699	0.476301	10.624406	1.532089	1.047000	0.485089	8.490510	-1.285575	-1.107000	-0.178575	6.458935	15849.207887
754560181215.000000 0.006787 4.136047	2.000000	1.523699	0.476301	10.637775	1.532089	1.047000	0.485089	8.504127	-1.285575	-1.107000	-0.178575	6.463947	15849.207887
754560194799.000000 0.006538 4.142584	2.000000	1.523699	0.476301	10.650677	1.532089	1.047000	0.485089	8.517266	-1.285575	-1.107000	-0.178575	6.468784	15849.207887
754560208984.000000 0.006828 4.149410	2.000000	1.523699	0.476301	10.664170	1.532089	1.047000	0.485089	8.531009	-1.285575	-1.107000	-0.178575	6.473843	15849.207887
754560223143.000000 0.006815 4.156223	2.000000	1.523699	0.476301	10.677662	1.532089	1.047000	0.485089	8.544749	-1.285575	-1.107000	-0.178575	6.478902	15849.207887
754560237836.000000 0.007072 4.163294	2.000000	1.523699	0.476301	10.691686	1.532089	1.047000	0.485089	8.559031	-1.285575	-1.107000	-0.178575	6.484159	15849.207887
754560254610.000000 0.008073 4.171365	2.000000	1.523699	0.476301	10.707726	1.532089	1.047000	0.485089	8.575368	-1.285575	-1.107000	-0.178575	6.490173	15849.207887
754560269144.000000 0.006995 4.178358	2.000000	1.523699	0.476301	10.721647	1.532089	1.047000	0.485089	8.589546	-1.285575	-1.107000	-0.178575	6.495393	15849.207887
754560282787.000000 0.006567 4.184923	2.000000	1.523699	0.476301	10.734737	1.532089	1.047000	0.485089	8.602877	-1.285575	-1.107000	-0.178575	6.500300	15849.207887
754560296507.000000 0.006605 4.191526	2.000000	1.523699	0.476301	10.747923	1.532089	1.047000	0.485089	8.616306	-1.285575	-1.107000	-0.178575	6.505244	15849.207887
754560310961.000000 0.006957 4.198481	2.000000	1.583921	0.416079	10.760076	1.532089	1.086000	0.446089	8.629335	-1.285575	-1.153000	-0.132575	6.509116	14056.056656
754560326018.000000 0.007247 4.205726	2.000000	1.583921	0.416079	10.772758	1.532089	1.086000	0.446089	8.642932	-1.285575	-1.153000	-0.132575	6.513157	14056.056656
754560342135.000000 0.007757 4.213481	2.000000	1.583921	0.416079	10.786357	1.532089	1.086000	0.446089	8.657513	-1.285575	-1.153000	-0.132575	6.517490	14056.056656
754560357278.000000 0.007289 4.220768	2.000000	1.583921	0.416079	10.799157	1.532089	1.086000	0.446089	8.671236	-1.285575	-1.153000	-0.132575	6.521569	14056.056656
754560372540.000000 0.007346 4.228112	2.000000	1.583921	0.416079	10.812080	1.532089	1.086000	0.446089	8.685091	-1.285575	-1.153000	-0.132575	6.525686	14056.056656
754560387545.000000 0.007222 4.235332	2.000000	1.583921	0.416079	10.824808	1.532089	1.086000	0.446089	8.698736	-1.285575	-1.153000	-0.132575	6.529742	14056.056656
754560402482.000000 0.007189 4.242520	2.000000	1.583921	0.416079	10.837498	1.532089	1.086000	0.446089	8.712342	-1.285575	-1.153000	-0.132575	6.533785	14056.056656
754560417406.000000 0.007183 4.249701	2.000000	1.583921	0.416079	10.850199	1.532089	1.086000	0.446089	8.725959	-1.285575	-1.153000	-0.132575	6.537832	14056.056656
754560433805.000000 0.007893 4.257593	2.000000	1.583921	0.416079	10.864182	1.532089	1.086000	0.446089	8.740950	-1.285575	-1.153000	-0.132575	6.542287	14056.056656
754560448474.000000 0.007061 4.264650	2.000000	1.583921	0.416079	10.876710	1.532089	1.086000	0.446089	8.754382	-1.285575	-1.153000	-0.132575	6.546279	14056.056656
754560463648.000000 0.007304 4.271952	2.000000	1.583921	0.416079	10.889692	1.532089	1.086000	0.446089	8.768300	-1.285575	-1.153000	-0.132575	6.550416	14056.056656
754560478056.000000 0.006934 4.278885	2.000000	1.583921	0.416079	10.902038	1.532089	1.086000	0.446089	8.781537	-1.285575	-1.153000	-0.132575	6.554349	14056.056656
754560493116.000000 0.007249 4.286133	2.000000	1.583921	0.416079	10.914965	1.532089	1.086000	0.446089	8.795396	-1.285575	-1.153000	-0.132575	6.558468	14056.056656
754560507918.000000 0.007124 4.293254	2.000000	1.583921	0.416079	10.927691	1.532089	1.086000	0.446089	8.809040	-1.285575	-1.153000	-0.132575	6.562523	14056.056656
754560522641.000000 0.007087 4.300340	2.000000	1.644833	0.355167	10.938514	1.532089	1.126000	0.406089	8.821415	-1.285575	-1.199000	-0.086575	6.565162	12242.339980
754560539249.000000 0.007994 4.308331	2.000000	1.644833	0.355167	10.950747	1.532089	1.126000	0.406089	8.835401	-1.285575	-1.199000	-0.086575	6.568143	12242.339980
754560554279.000000 0.007234 4.315563	2.000000	1.644833	0.355167	10.961834	1.532089	1.126000	0.406089	8.848078	-1.285575	-1.199000	-0.086575	6.570846	12242.339980
754560568989.000000 0.007080 4.322642	2.000000	1.644833	0.355167	10.972703	1.532089	1.126000	0.406089	8.860506	-1.285575	-1.199000	-0.086575	6.573496	12242.339980
754560583561.000000 0.007013 4.329654	2.000000	1.644833	0.355167	10.983488	1.532089	1.126000	0.406089	8.872837	-1.285575	-1.199000	-0.086575	6.576124	12242.339980
754560598251.000000 0.007071 4.336722	2.000000	1.644833	0.355167	10.994379	1.532089	1.126000	0.406089	8.885289	-1.285575	-1.199000	-0.086575	6.578779	12242.339980
754560613075.000000 0.007135 4.343855	2.000000	1.644833	0.355167	11.005387	1.532089	1.126000	0.406089	8.897875	-1.285575	-1.199000	-0.086575	6.581462	12242.339980
754560626940.000000 0.006673 4.350527	2.000000	1.644833	0.355167	11.015698	1.532089	1.126000	0.406089	8.909665	-1.285575	-1.199000	-0.086575	6.583976	12242.339980
754560640883.000000 0.006711 4.357236	2.000000	1.644833	0.355167	11.026084	1.532089	1.126000	0.406089	8.921540	-1.285575	-1.199000	-0.086575	6.586507	12242.339980
754560655472.000000 0.007022 4.364257	2.000000	1.644833	0.355167	11.036968	1.532089	1.126000	0.406089	8.933985	-1.285575	-1.199000	-0.086575	6.589161	12242.339980
754560669806.000000 0.006899 4.371154	2.000000	1.644833	0.355167	11.047679	1.532089	1.126000	0.406089	8.946232	-1.285575	-1.199000	-0.086575	6.591772	12242.339980
754560683773.000000 0.006722 4.377874	2.000000	1.644833	0.355167	11.058131	1.532089	1.126000	0.406089	8.958183	-1.285575	-1.199000	-0.086575	6.594319	12242.339980
754560697946.000000 0.006821 4.384694	2.000000	1.644833	0.355167	11.068754	1.532089	1.126000	0.406089	8.970328	-1.285575	-1.199000	-0.086575	6.596909	12242.339980
754560711760.000000 0.006649 4.391342	2.000000	1.644833	0.355167	11.079125	1.532089	1.126000	0.406089	8.982186	-1.285575	-1.199000	-0.086575	6.599437	12242.339980
754560726430.000000 0.007061 4.398400	2.000000	1.705066	0.294934	11.088285	1.532089	1.165000	0.367089	8.993586	-1.285575	-1.245000	-0.040575	6.600697	10448.873847
754560740371.000000 0.006710 4.405110	2.000000	1.705066	0.294934	11.097003	1.532089	1.165000	0.367089	9.004437	-1.285575	-1.245000	-0.040575	6.601896	10448.873847
754560757207.000000 0.008103 4.413211	2.000000	1.705066	0.294934	11.107550	1.532089	1.165000	0.367089	9.017565	-1.285575	-1.245000	-0.040575	6.603347	10448.873847
754560771408.000000 0.006835 4.420043	2.000000	1.705066	0.294934	11.116461	1.532089	1.165000	0.367089	9.028656	-1.285575	-1.245000	-0.040575	6.604573	10448.873847
754560785283.000000 0.006678 4.426720	2.000000	1.705066	0.294934	11.125180	1.532089	1.165000	0.367089	9.039508	-1.285575	-1.245000	-0.040575	6.605773	10448.873847
754560799466.000000 0.006827 4.433545	2.000000	1.705066	0.294934	11.134106	1.532089	1.165000	0.367089	9.050619	-1.285575	-1.245000	-0.040575	6.607001	10448.873847
754560813817.000000 0.006907 4.440450	2.000000	1.705066	0.294934	11.143152	1.532089	1.165000	0.367089	9.061877	-1.285575	-1.245000	-0.040575	6.608245	10448.873847
754560828392.000000 0.007016 4.447465	2.000000	1.705066	0.294934	11.152355	1.532089	1.165000	0.367089	9.073331	-1.285575	-1.245000	-0.040575	6.609511	10448.873847
754560843225.000000 0.007139 4.454602	2.000000	1.705066	0.294934	11.161734	1.532089	1.165000	0.367089	9.085005	-1.285575	-1.245000	-0.040575	6.610802	10448.873847
754560857816.000000 0.007023 4.461622	2.000000	1.705066	0.294934	11.170975	1.532089	1.165000	0.367089	9.096507	-1.285575	-1.245000	-0.040575	6.612073	10448.873847
754560872382.000000 0.007011 4.468632	2.000000	1.705066	0.294934	11.180215	1.532089	1.165000	0.367089	9.108007	-1.285575	-1.245000	-0.040575	6.613344	10448.873847
754560887358.000000 0.007208 4.475838	2.000000	1.705066	0.294934	11.189730	1.532089	1.165000	0.367089	9.119851	-1.285575	-1.245000	-0.040575	6.614653	10448.873847
754560901872.000000 0.006985 4.482822	2.000000	1.705066	0.294934	11.198966	1.532089	1.165000	0.367089	9.131346	-1.285575	-1.245000	-0.040575	6.615924	10448.873847
754560916070.000000 0.006834 4.489654	2.000000	1.705066	0.294934	11.208015	1.532089	1.165000	0.367089	9.142609	-1.285575	-1.245000	-0.040575	6.617169	10448.873847
754560930539.000000 0.006964 4.496616	2.000000	1.765255	0.234745	11.215366	1.532089	1.205000	0.327089	9.152851	-1.285575	-1.290000	0.004425	6.617307	49009.731742
754560945723.000000 0.007308 4.503923	2.000000	1.765255	0.234745	11.223093	1.532089	1.205000	0.327089	9.163618	-1.285575	-1.290000	0.004425	6.617453	49005.993828
754560963330.000000 0.008474 4.512396	2.000000	1.765255	0.234745	11.232069	1.532089	1.205000	0.327089	9.176125	-1.285575	-1.290000	0.004425	6.617622	47278.856231
754560978285.000000 0.007198 4.519592	2.000000	1.765255	0.234745	11.239706	1.532089	1.205000	0.327089	9.186767	-1.285575	-1.290000	0.004425	6.617766	49009.731742
754560992612.000000 0.006896 4.526486	2.000000	1.765255	0.234745	11.247034	1.532089	1.205000	0.327089	9.196977	-1.285575	-1.290000	0.004425	6.617904	49005.993828
754561007170.000000 0.007007 4.533490	2.000000	1.765255	0.234745	11.254491	1.532089	1.205000	0.327089	9.207367	-1.285575	-1.290000	0.004425	6.618045	49005.993828
754561021434.000000 0.006866 4.540354	2.000000	1.765255	0.234745	11.261808	1.532089	1.205000	0.327089	9.217563	-1.285575	-1.290000	0.004425	6.618183	49005.993828
754561035660.000000 0.006847 4.547199	2.000000	1.765255	0.234745	11.269117	1.532089	1.205000	0.327089	9.227747	-1.285575	-1.290000	0.004425	6.618320	49005.993828
754561051452.000000 0.007601 4.554799	2.000000	1.765255	0.234745	11.277244	1.532089	1.205000	0.327089	9.239071	-1.285575	-1.290000	0.004425	6.618474	49005.993828
754561065940.000000 0.006973 4.561770	2.000000	1.765255	0.234745	11.284711	1.532089	1.205000	0.327089	9.249475	-1.285575	-1.290000	0.004425	6.618614	49005.993828
754561080718.000000 0.007112 4.568881	2.000000	1.765255	0.234745	11.292339	1.532089	1.205000	0.327089	9.260104	-1.285575	-1.290000	0.004425	6.618758	49005.993828
754561095840.000000 0.007278 4.576158	2.000000	1.765255	0.234745	11.300158	1.532089	1.205000	0.327089	9.270998	-1.285575	-1.290000	0.004425	6.618906	49005.993828
754561110348.000000 0.006983 4.583139	2.000000	1.765255	0.234745	11.307670	1.532089	1.205000	0.327089	9.281466	-1.285575	-1.290000	0.004425	6.619047	49005.993828
754561125135.000000 0.007117 4.590254	2.000000	1.765255	0.234745	11.315339	1.532089	1.205000	0.327089	9.292151	-1.285575	-1.290000	0.004425	6.619192	49005.993828
754561138825.000000 0.006589 4.596842	2.000000	1.825495	0.174505	11.320624	1.532089	1.244000	0.288089	9.300877	-1.285575	-1.336000	0.050425	6.620719	47212.304158
754561153355.000000 0.006994 4.603834	2.000000	1.825495	0.174505	11.326243	1.532089	1.244000	0.288089	9.310153	-1.285575	-1.336000	0.050425	6.622343	47212.304158
754561169092.000000 0.007574 4.611406	2.000000	1.825495	0.174505	11.332338	1.532089	1.244000	0.288089	9.320216	-1.285575	-1.336000	0.050425	6.624104	47212.304158
754561184804.000000 0.007563 4.618967	2.000000	1.825495	0.174505	11.338434	1.532089	1.244000	0.288089	9.330280	-1.285575	-1.336000	0.050425	6.625865	47212.304158
754561199026.000000 0.006845 4.625810	2.000000	1.825495	0.174505	11.343960	1.532089	1.244000	0.288089	9.339402	-1.285575	-1.336000	0.050425	6.627462	47212.304158
754561212814.000000 0.006637 4.632445	2.000000	1.825495	0.174505	11.349325	1.532089	1.244000	0.288089	9.348259	-1.285575	-1.336000	0.050425	6.629012	47212.304158
754561226731.000000 0.006699 4.639142	2.000000	1.825495	0.174505	11.354748	1.532089	1.244000	0.288089	9.357212	-1.285575	-1.336000	0.050425	6.630579	47212.304158
754561240860.000000 0.006800 4.645940	2.000000	1.825495	0.174505	11.360261	1.532089	1.244000	0.288089	9.366313	-1.285575	-1.336000	0.050425	6.632172	47212.304158
754561255134.000000 0.006870 4.652809	2.000000	1.825495	0.174505	11.365840	1.532089	1.244000	0.288089	9.375523	-1.285575	-1.336000	0.050425	6.633784	47212.304158
754561268815.000000 0.006585 4.659392	2.000000	1.825495	0.174505	11.371194	1.532089	1.244000	0.288089	9.384362	-1.285575	-1.336000	0.050425	6.635332	47212.304158
754561283082.000000 0.006868 4.666258	2.000000	1.825495	0.174505	11.376786	1.532089	1.244000	0.288089	9.393594	-1.285575	-1.336000	0.050425	6.636947	47212.304158
754561297453.000000 0.006917 4.673173	2.000000	1.825495	0.174505	11.382427	1.532089	1.244000	0.288089	9.402906	-1.285575	-1.336000	0.050425	6.638577	47212.304158
754561311210.000000 0.006621 4.679793	2.000000	1.825495	0.174505	11.387834	1.532089	1.244000	0.288089	9.411833	-1.285575	-1.336000	0.050425	6.640140	47212.304158
754561325315.000000 0.006789 4.686579	2.000000	1.825495	0.174505	11.393386	1.532089	1.244000	0.288089	9.420999	-1.285575	-1.336000	0.050425	6.641744	47212.304158
754561339645.000000 0.006897 4.693475	2.000000	1.825495	0.174505	11.399035	1.532089	1.244000	0.288089	9.430325	-1.285575	-1.336000	0.050425	6.643377	47212.304158
754561354033.000000 0.006925 4.700398	2.000000	1.886420	0.113580	11.402732	1.532089	1.284000	0.248089	9.438400	-1.285575	-1.382000	0.096425	6.646515	45398.223318
754561369622.000000 0.007504 4.707900	2.000000	1.886420	0.113580	11.406745	1.532089	1.284000	0.248089	9.447164	-1.285575	-1.382000	0.096425	6.649922	45398.223318
754561385007.000000 0.007405 4.715302	2.000000	1.886420	0.113580	11.410710	1.532089	1.284000	0.248089	9.455826	-1.285575	-1.382000	0.096425	6.653288	45398.223318
754561399970.000000 0.007202 4.722503	2.000000	1.886420	0.113580	11.414573	1.532089	1.284000	0.248089	9.464264	-1.285575	-1.382000	0.096425	6.656568	45398.223318
754561414386.000000 0.006940 4.729441	2.000000	1.886420	0.113580	11.418301	1.532089	1.284000	0.248089	9.472407	-1.285575	-1.382000	0.096425	6.659732	45398.223318
754561429457.000000 0.007253 4.736691	2.000000	1.886420	0.113580	11.422203	1.532089	1.284000	0.248089	9.480931	-1.285575	-1.382000	0.096425	6.663045	45398.223318
754561443834.000000 0.006920 4.743610	2.000000	1.886420	0.113580	11.425932	1.532089	1.284000	0.248089	9.489074	-1.285575	-1.382000	0.096425	6.666211	45398.223318
754561457993.000000 0.006815 4.750423	2.000000	1.886420	0.113580	11.429609	1.532089	1.284000	0.248089	9.497106	-1.285575	-1.382000	0.096425	6.669332	45398.223318
754561474126.000000 0.007765 4.758186	2.000000	1.886420	0.113580	11.433805	1.532089	1.284000	0.248089	9.506272	-1.285575	-1.382000	0.096425	6.672895	45398.223318
754561495918.000000 0.010488 4.768673	2.000000	1.886420	0.113580	11.439486	1.532089	1.284000	0.248089	9.518680	-1.285575	-1.382000	0.096425	6.677718	45398.223318
754561515467.000000 0.009409 4.778080	2.000000	1.886420	0.113580	11.444592	1.532089	1.284000	0.248089	9.529834	-1.285575	-1.382000	0.096425	6.682053	45398.223318
754561533726.000000 0.008788 4.786866	2.000000	1.886420	0.113580	11.449370	1.532089	1.284000	0.248089	9.540270	-1.285575	-1.382000	0.096425	6.686109	45398.223318
