748998506938.000000 0.000002 0.000004	0.000004	0.000000	0.000004	0.000000	0.000003	0.000000	0.000003	0.000000	-0.000003	0.000000	-0.000003	0.000000	1985426.299292
748998535885.000000 0.013932 0.013937	0.013940	0.000000	0.013940	0.000003	0.010678	0.000000	0.010678	0.000002	-0.008960	0.000000	-0.008960	0.000002	-19549.955581
748998567745.000000 0.015346 0.029280	0.043216	0.000000	0.043216	0.000022	0.033106	0.000000	0.033106	0.000017	-0.027779	0.000000	-0.027779	0.000014	-18082.316582
748998604473.000000 0.017675 0.046940	0.090151	0.000000	0.090151	0.000097	0.069060	0.000000	0.069060	0.000074	-0.057948	0.000000	-0.057948	0.000062	-16559.543273
748998636664.000000 0.015492 0.062430	0.152575	0.000000	0.152575	0.000244	0.116879	0.000000	0.116879	0.000187	-0.098073	0.000000	-0.098073	0.000157	-14197.333966
748998665062.000000 0.013667 0.076095	0.228662	0.000000	0.228662	0.000482	0.175165	0.000000	0.175165	0.000369	-0.146981	0.000000	-0.146981	0.000310	-11460.748048
748998701310.000000 0.017445 0.093537	0.322190	0.000000	0.322190	0.001008	0.246812	0.000000	0.246812	0.000772	-0.207100	0.000000	-0.207100	0.000648	-9351.357002
748998732929.000000 0.015217 0.108751	0.430930	0.000000	0.430930	0.001721	0.330112	0.000000	0.330112	0.001318	-0.276997	0.000000	-0.276997	0.001106	-5351.765688
748998763683.000000 0.014801 0.123552	0.554470	0.000000	0.554470	0.002735	0.424748	0.000000	0.424748	0.002095	-0.356406	0.000000	-0.356406	0.001758	-1630.477942
748998815037.000000 0.024714 0.148262	0.702717	0.000000	0.702717	0.005310	0.538313	0.000000	0.538313	0.004068	-0.451698	0.000000	-0.451698	0.003413	956.624406
748998861369.000000 0.022297 0.170557	0.873257	0.000000	0.873257	0.008631	0.668954	0.000000	0.668954	0.006612	-0.561319	0.000000	-0.561319	0.005548	6677.660398
748998893614.000000 0.015518 0.186073	1.059311	0.000000	1.059311	0.011690	0.811479	0.000000	0.811479	0.008955	-0.680912	0.000000	-0.680912	0.007514	13997.698481
748998925234.000000 0.015218 0.201288	1.260579	0.000000	1.260579	0.015551	0.965660	0.000000	0.965660	0.011913	-0.810285	0.000000	-0.810285	0.009996	19397.558269
748998952171.000000 0.012964 0.214249	1.474807	0.000000	1.474807	0.019647	1.129767	0.000000	1.129767	0.015051	-0.947987	0.000000	-0.947987	0.012629	26972.524017
748998981825.000000 0.014271 0.228519	1.703303	0.000000	1.703303	0.025202	1.304806	0.000000	1.304806	0.019306	-1.094862	0.000000	-1.094862	0.016200	32157.006091
748999011963.000000 0.014504 0.243020	1.946298	0.000000	1.946298	0.032062	1.490951	0.000000	1.490951	0.024561	-1.251056	0.000000	-1.251056	0.020609	39250.496092
748999042918.000000 0.014898 0.257916	2.000000	0.000000	2.000000	0.039747	1.532089	0.000000	1.532089	0.030448	-1.285575	0.000000	-1.285575	0.025549	32345.347251
748999079762.000000 0.017731 0.275646	2.000000	-0.003000	2.003000	0.049537	1.532089	-0.003000	1.535089	0.037951	-1.285575	0.000000	-1.285575	0.031832	31952.193623
748999135183.000000 0.026671 0.302314	2.000000	-0.003000	2.003000	0.065687	1.532089	-0.003000	1.535089	0.050328	-1.285575	0.000000	-1.285575	0.042198	36139.734521
748999163306.000000 0.013535 0.315846	2.000000	-0.003000	2.003000	0.074250	1.532089	-0.003000	1.535089	0.056891	-1.285575	0.000000	-1.285575	0.047694	35241.872757
748999195455.000000 0.015472 0.331316	2.000000	-0.003000	2.003000	0.084518	1.532089	-0.003000	1.535089	0.064760	-1.285575	0.000000	-1.285575	0.054284	34300.031797
748999229711.000000 0.016486 0.347799	2.000000	-0.003000	2.003000	0.096002	1.532089	-0.003000	1.535089	0.073562	-1.285575	0.000000	-1.285575	0.061655	33311.334955
748999263877.000000 0.016442 0.364240	2.000000	-0.003000	2.003000	0.107998	1.532089	-0.003000	1.535089	0.082755	-1.285575	0.000000	-1.285575	0.069354	32275.902607
748999298271.000000 0.016553 0.380791	2.000000	-0.009000	2.009000	0.120661	1.532089	-0.009000	1.541089	0.092469	-1.285575	0.000000	-1.285575	0.077457	38325.581356
748999338422.000000 0.019323 0.400112	2.000000	-0.009000	2.009000	0.136194	1.532089	-0.009000	1.541089	0.104384	-1.285575	0.000000	-1.285575	0.087397	37126.052134
748999404825.000000 0.031955 0.432063	2.000000	-0.009000	2.009000	0.163931	1.532089	-0.009000	1.541089	0.125661	-1.285575	0.000000	-1.285575	0.105146	35830.732360
748999447722.000000 0.020645 0.452706	2.000000	-0.009000	2.009000	0.182707	1.532089	-0.009000	1.541089	0.140064	-1.285575	0.000000	-1.285575	0.117161	34473.526185
748999465592.000000 0.008602 0.461304	2.000000	-0.009000	2.009000	0.190679	1.532089	-0.009000	1.541089	0.146179	-1.285575	0.000000	-1.285575	0.122262	33090.542064
748999482729.000000 0.008249 0.469550	2.000000	-0.009000	2.009000	0.198460	1.532089	-0.009000	1.541089	0.152148	-1.285575	0.000000	-1.285575	0.127242	31682.837429
748999499923.000000 0.008276 0.477823	2.000000	-0.009000	2.009000	0.206404	1.532089	-0.009000	1.541089	0.158242	-1.285575	0.000000	-1.285575	0.132325	30250.331493
748999518399.000000 0.008892 0.486714	2.000000	-0.018028	2.018028	0.215138	1.532089	-0.018000	1.550089	0.164951	-1.285575	0.001000	-1.286575	0.137893	33557.862840
748999536636.000000 0.008777 0.495488	2.000000	-0.018028	2.018028	0.223914	1.532089	-0.018000	1.550089	0.171692	-1.285575	0.001000	-1.286575	0.143489	31990.513625
748999554400.000000 0.008551 0.504039	2.000000	-0.018028	2.018028	0.232612	1.532089	-0.018000	1.550089	0.178373	-1.285575	0.001000	-1.286575	0.149034	30396.114668
748999578619.000000 0.011657 0.515691	2.000000	-0.018028	2.018028	0.244743	1.532089	-0.018000	1.550089	0.187691	-1.285575	0.001000	-1.286575	0.156768	28764.855851
748999599578.000000 0.010087 0.525775	2.000000	-0.018028	2.018028	0.255446	1.532089	-0.018000	1.550089	0.195912	-1.285575	0.001000	-1.286575	0.163591	27101.699314
748999616172.000000 0.007987 0.533760	2.000000	-0.018028	2.018028	0.264049	1.532089	-0.018000	1.550089	0.202520	-1.285575	0.001000	-1.286575	0.169076	25413.284580
748999632190.000000 0.007710 0.541468	2.000000	-0.018028	2.018028	0.272473	1.532089	-0.018000	1.550089	0.208991	-1.285575	0.001000	-1.286575	0.174447	23700.488395
748999647898.000000 0.007560 0.549027	2.000000	-0.018028	2.018028	0.280850	1.532089	-0.018000	1.550089	0.215425	-1.285575	0.001000	-1.286575	0.179787	21963.781096
748999665510.000000 0.008478 0.557503	2.000000	-0.018028	2.018028	0.290388	1.532089	-0.018000	1.550089	0.222751	-1.285575	0.001000	-1.286575	0.185868	20200.261507
748999686206.000000 0.009961 0.567461	2.000000	-0.018028	2.018028	0.301794	1.532089	-0.018000	1.550089	0.231513	-1.285575	0.001000	-1.286575	0.193140	18405.242994
748999704154.000000 0.008639 0.576097	2.000000	-0.018028	2.018028	0.311838	1.532089	-0.018000	1.550089	0.239227	-1.285575	0.001000	-1.286575	0.199543	16582.905323
748999723689.000000 0.009402 0.585498	2.000000	-0.024021	2.024021	0.322980	1.532089	-0.024000	1.556089	0.247794	-1.285575	0.001000	-1.286575	0.206626	24320.827659
748999740605.000000 0.008142 0.593636	2.000000	-0.024021	2.024021	0.332763	1.532089	-0.024000	1.556089	0.255315	-1.285575	0.001000	-1.286575	0.212844	22262.502813
748999754933.000000 0.006896 0.600530	2.000000	-0.024021	2.024021	0.341145	1.532089	-0.024000	1.556089	0.261759	-1.285575	0.001000	-1.286575	0.218172	20180.274165
748999769308.000000 0.006919 0.607448	2.000000	-0.024021	2.024021	0.349651	1.532089	-0.024000	1.556089	0.268299	-1.285575	0.001000	-1.286575	0.223580	18074.059959
748999785207.000000 0.007652 0.615098	2.000000	-0.024021	2.024021	0.359178	1.532089	-0.024000	1.556089	0.275623	-1.285575	0.001000	-1.286575	0.229635	15941.319155
748999799707.000000 0.006979 0.622075	2.000000	-0.024021	2.024021	0.367965	1.532089	-0.024000	1.556089	0.282379	-1.285575	0.001000	-1.286575	0.235220	13784.387575
748999819318.000000 0.009439 0.631514	2.000000	-0.024021	2.024021	0.380029	1.532089	-0.024000	1.556089	0.291654	-1.285575	0.001000	-1.286575	0.242889	11594.729459
748999838068.000000 0.009025 0.640536	2.000000	-0.024021	2.024021	0.391729	1.532089	-0.024000	1.556089	0.300649	-1.285575	0.001000	-1.286575	0.250327	9373.788009
748999852973.000000 0.007174 0.647707	2.000000	-0.024021	2.024021	0.401134	1.532089	-0.024000	1.556089	0.307880	-1.285575	0.001000	-1.286575	0.256305	7127.983400
748999867822.000000 0.007147 0.654852	2.000000	-0.024021	2.024021	0.410607	1.532089	-0.024000	1.556089	0.315162	-1.285575	0.001000	-1.286575	0.262326	4857.404061
748999884220.000000 0.007893 0.662744	2.000000	-0.024021	2.024021	0.421195	1.532089	-0.024000	1.556089	0.323302	-1.285575	0.001000	-1.286575	0.269056	2559.460564
748999900586.000000 0.007877 0.670618	2.000000	-0.024021	2.024021	0.431886	1.532089	-0.024000	1.556089	0.331522	-1.285575	0.001000	-1.286575	0.275852	234.216311
748999915330.000000 0.007097 0.677714	2.000000	-0.024021	2.024021	0.441620	1.532089	-0.024000	1.556089	0.339006	-1.285575	0.001000	-1.286575	0.282040	-2115.630823
748999935059.000000 0.009497 0.687210	2.000000	-0.027074	2.027074	0.454850	1.532089	-0.027000	1.559089	0.349181	-1.285575	0.002000	-1.287575	0.290443	7013.293955
748999957843.000000 0.010965 0.698170	2.000000	-0.027074	2.027074	0.470368	1.532089	-0.027000	1.559089	0.361117	-1.285575	0.002000	-1.287575	0.300300	4251.140036
748999977255.000000 0.009343 0.707511	2.000000	-0.027074	2.027074	0.483768	1.532089	-0.027000	1.559089	0.371423	-1.285575	0.002000	-1.287575	0.308811	1452.032870
748999998715.000000 0.010328 0.717839	2.000000	-0.027074	2.027074	0.498796	1.532089	-0.027000	1.559089	0.382982	-1.285575	0.002000	-1.287575	0.318358	-1387.933993
749000018198.000000 0.009378 0.727214	2.000000	-0.027074	2.027074	0.512621	1.532089	-0.027000	1.559089	0.393614	-1.285575	0.002000	-1.287575	0.327138	-4264.991172
749000035358.000000 0.008259 0.735470	2.000000	-0.027074	2.027074	0.524934	1.532089	-0.027000	1.559089	0.403085	-1.285575	0.002000	-1.287575	0.334960	-7174.710598
749000051086.000000 0.007570 0.743037	2.000000	-0.027074	2.027074	0.536336	1.532089	-0.027000	1.559089	0.411855	-1.285575	0.002000	-1.287575	0.342202	-10114.369941
749000065015.000000 0.006704 0.749740	2.000000	-0.027074	2.027074	0.546525	1.532089	-0.027000	1.559089	0.419691	-1.285575	0.002000	-1.287575	0.348674	-13080.548204
749000080026.000000 0.007225 0.756963	2.000000	-0.027074	2.027074	0.557611	1.532089	-0.027000	1.559089	0.428218	-1.285575	0.002000	-1.287575	0.355716	-16075.301411
749000095681.000000 0.007535 0.764497	2.000000	-0.027074	2.027074	0.569288	1.532089	-0.027000	1.559089	0.437199	-1.285575	0.002000	-1.287575	0.363133	-19099.859371
749000111171.000000 0.007455 0.771950	2.000000	-0.027074	2.027074	0.580953	1.532089	-0.027000	1.559089	0.446171	-1.285575	0.002000	-1.287575	0.370543	-21098.597471
749000126143.000000 0.007206 0.779154	2.000000	-0.027074	2.027074	0.592334	1.532089	-0.027000	1.559089	0.454925	-1.285575	0.002000	-1.287575	0.377772	-21098.597471
749000140845.000000 0.007076 0.786229	2.000000	-0.027019	2.027019	0.603612	1.532089	-0.027000	1.559089	0.463599	-1.285575	0.001000	-1.286575	0.384930	-15760.499471
749000157875.000000 0.008196 0.794423	2.000000	-0.027019	2.027019	0.616810	1.532089	-0.027000	1.559089	0.473751	-1.285575	0.001000	-1.286575	0.393307	-15760.499471
749000172548.000000 0.007062 0.801483	2.000000	-0.027019	2.027019	0.628283	1.532089	-0.027000	1.559089	0.482575	-1.285575	0.001000	-1.286575	0.400589	-15760.499471
749000186683.000000 0.006803 0.808285	2.000000	-0.027019	2.027019	0.639430	1.532089	-0.027000	1.559089	0.491148	-1.285575	0.001000	-1.286575	0.407664	-15760.499471
749000202104.000000 0.007422 0.815705	2.000000	-0.027019	2.027019	0.651701	1.532089	-0.027000	1.559089	0.500587	-1.285575	0.001000	-1.286575	0.415453	-15760.499471
749000216240.000000 0.006804 0.822508	2.000000	-0.027019	2.027019	0.663045	1.532089	-0.027000	1.559089	0.509312	-1.285575	0.001000	-1.286575	0.422653	-15760.499471
749000231677.000000 0.007430 0.829936	2.000000	-0.027019	2.027019	0.675545	1.532089	-0.027000	1.559089	0.518927	-1.285575	0.001000	-1.286575	0.430587	-15760.499471
749000245570.000000 0.006687 0.836621	2.000000	-0.027019	2.027019	0.686884	1.532089	-0.027000	1.559089	0.527648	-1.285575	0.001000	-1.286575	0.437784	-15760.499471
749000265413.000000 0.009550 0.846171	2.000000	-0.027019	2.027019	0.703265	1.532089	-0.027000	1.559089	0.540248	-1.285575	0.001000	-1.286575	0.448181	-15760.499471
749000282719.000000 0.008329 0.854498	2.000000	-0.027019	2.027019	0.717692	1.532089	-0.027000	1.559089	0.551344	-1.285575	0.001000	-1.286575	0.457338	-15760.499471
749000304456.000000 0.010462 0.864958	2.000000	-0.027019	2.027019	0.736034	1.532089	-0.027000	1.559089	0.565452	-1.285575	0.001000	-1.286575	0.468980	-15760.499471
749000319528.000000 0.007254 0.872210	2.000000	-0.027019	2.027019	0.748859	1.532089	-0.027000	1.559089	0.575317	-1.285575	0.001000	-1.286575	0.477120	-15760.499471
749000334097.000000 0.007012 0.879219	2.000000	-0.027019	2.027019	0.761356	1.532089	-0.027000	1.559089	0.584928	-1.285575	0.001000	-1.286575	0.485052	-15760.499471
749000350550.000000 0.007919 0.887138	2.000000	-0.024021	2.024021	0.775576	1.532089	-0.024000	1.556089	0.595861	-1.285575	0.001000	-1.286575	0.494091	-6678.130979
749000370887.000000 0.009788 0.896923	2.000000	-0.024021	2.024021	0.793345	1.532089	-0.024000	1.556089	0.609522	-1.285575	0.001000	-1.286575	0.505386	-6678.130979
749000386088.000000 0.007316 0.904238	2.000000	-0.024021	2.024021	0.806735	1.532089	-0.024000	1.556089	0.619816	-1.285575	0.001000	-1.286575	0.513897	-6678.130979
749000402444.000000 0.007873 0.912109	2.000000	-0.024021	2.024021	0.821269	1.532089	-0.024000	1.556089	0.630990	-1.285575	0.001000	-1.286575	0.523136	-6678.130979
749000427756.000000 0.012183 0.924291	2.000000	-0.024021	2.024021	0.844061	1.532089	-0.024000	1.556089	0.648513	-1.285575	0.001000	-1.286575	0.537624	-6678.130979
749000450629.000000 0.011009 0.935296	2.000000	-0.024021	2.024021	0.864901	1.532089	-0.024000	1.556089	0.664535	-1.285575	0.001000	-1.286575	0.550871	-6678.130979
749000471697.000000 0.010140 0.945432	2.000000	-0.024021	2.024021	0.884304	1.532089	-0.024000	1.556089	0.679452	-1.285575	0.001000	-1.286575	0.563205	-6678.130979
749000495679.000000 0.011542 0.956973	2.000000	-0.024021	2.024021	0.906661	1.532089	-0.024000	1.556089	0.696641	-1.285575	0.001000	-1.286575	0.577416	-6678.130979
749000523278.000000 0.013283 0.970254	2.000000	-0.024021	2.024021	0.932746	1.532089	-0.024000	1.556089	0.716695	-1.285575	0.001000	-1.286575	0.593997	-6678.130979
749000553929.000000 0.014751 0.985003	2.000000	-0.018028	2.018028	0.962068	1.532089	-0.018000	1.550089	0.739218	-1.285575	-0.001000	-1.284575	0.612662	6492.320190
749000594657.000000 0.019600 1.004601	2.000000	-0.018028	2.018028	1.001805	1.532089	-0.018000	1.550089	0.769740	-1.285575	-0.001000	-1.284575	0.637956	6492.320190
749000625266.000000 0.014731 1.019330	2.000000	-0.018028	2.018028	1.032107	1.532089	-0.018000	1.550089	0.793016	-1.285575	-0.001000	-1.284575	0.657245	6492.320190
749000655724.000000 0.014659 1.033987	2.000000	-0.018028	2.018028	1.062694	1.532089	-0.018000	1.550089	0.816511	-1.285575	-0.001000	-1.284575	0.676715	6492.320190
749000681114.000000 0.012219 1.046203	2.000000	-0.018028	2.018028	1.088492	1.532089	-0.018000	1.550089	0.836327	-1.285575	-0.001000	-1.284575	0.693137	6492.320190
749000700172.000000 0.009173 1.055374	2.000000	-0.018028	2.018028	1.108029	1.532089	-0.018000	1.550089	0.851333	-1.285575	-0.001000	-1.284575	0.705573	6492.320190
749000730476.000000 0.014584 1.069957	2.000000	-0.018028	2.018028	1.139519	1.532089	-0.018000	1.550089	0.875522	-1.285575	-0.001000	-1.284575	0.725618	6492.320190
749000758738.000000 0.013601 1.083555	2.000000	-0.011180	2.011180	1.169160	1.532089	-0.010000	1.542089	0.898249	-1.285575	-0.005000	-1.280575	0.744491	11628.182988
749000786042.000000 0.013140 1.096693	2.000000	-0.011180	2.011180	1.198143	1.532089	-0.010000	1.542089	0.920472	-1.285575	-0.005000	-1.280575	0.762945	11628.182988
749000803340.000000 0.008325 1.105016	2.000000	-0.011180	2.011180	1.216644	1.532089	-0.010000	1.542089	0.934658	-1.285575	-0.005000	-1.280575	0.774726	11628.182988
749000823308.000000 0.009611 1.114625	2.000000	-0.011180	2.011180	1.238189	1.532089	-0.010000	1.542089	0.951178	-1.285575	-0.005000	-1.280575	0.788444	11628.182988
749000841792.000000 0.008896 1.123520	2.000000	-0.011180	2.011180	1.258291	1.532089	-0.010000	1.542089	0.966591	-1.285575	-0.005000	-1.280575	0.801244	11628.182988
749000858020.000000 0.007811 1.131328	2.000000	-0.011180	2.011180	1.276064	1.532089	-0.010000	1.542089	0.980219	-1.285575	-0.005000	-1.280575	0.812560	11628.182988
749000874379.000000 0.007874 1.139201	2.000000	-0.011180	2.011180	1.294105	1.532089	-0.010000	1.542089	0.994052	-1.285575	-0.005000	-1.280575	0.824047	11628.182988
749000892072.000000 0.008516 1.147714	2.000000	-0.011180	2.011180	1.313761	1.532089	-0.010000	1.542089	1.009123	-1.285575	-0.005000	-1.280575	0.836563	11628.182988
749000909038.000000 0.008166 1.155878	2.000000	-0.011180	2.011180	1.332745	1.532089	-0.010000	1.542089	1.023679	-1.285575	-0.005000	-1.280575	0.848651	11628.182988
749000927608.000000 0.008938 1.164814	2.000000	-0.011180	2.011180	1.353683	1.532089	-0.010000	1.542089	1.039734	-1.285575	-0.005000	-1.280575	0.861982	11628.182988
749000944654.000000 0.008204 1.173014	2.000000	-0.011180	2.011180	1.373037	1.532089	-0.010000	1.542089	1.054574	-1.285575	-0.005000	-1.280575	0.874306	11628.182988
749000961230.000000 0.007978 1.180992	2.000000	0.010050	1.989950	1.391787	1.532089	0.001000	1.531089	1.069000	-1.285575	-0.010000	-1.275575	0.886324	11628.182988
749000980354.000000 0.009204 1.190194	2.000000	0.010050	1.989950	1.413586	1.532089	0.001000	1.531089	1.085773	-1.285575	-0.010000	-1.275575	0.900298	22768.737544
749000997534.000000 0.008269 1.198461	2.000000	0.010050	1.989950	1.433306	1.532089	0.001000	1.531089	1.100945	-1.285575	-0.010000	-1.275575	0.912939	22768.737544
749001014847.000000 0.008333 1.206792	2.000000	0.010050	1.989950	1.453318	1.532089	0.001000	1.531089	1.116343	-1.285575	-0.010000	-1.275575	0.925767	22768.737544
749001031749.000000 0.008135 1.214925	2.000000	0.010050	1.989950	1.472986	1.532089	0.001000	1.531089	1.131475	-1.285575	-0.010000	-1.275575	0.938374	22768.737544
749001047648.000000 0.007652 1.222576	2.000000	0.010050	1.989950	1.491603	1.532089	0.001000	1.531089	1.145800	-1.285575	-0.010000	-1.275575	0.950307	22768.737544
749001064541.000000 0.008131 1.230704	2.000000	0.010050	1.989950	1.511516	1.532089	0.001000	1.531089	1.161120	-1.285575	-0.010000	-1.275575	0.963071	22768.737544
749001079829.000000 0.007358 1.238061	2.000000	0.010050	1.989950	1.529644	1.532089	0.001000	1.531089	1.175069	-1.285575	-0.010000	-1.275575	0.974692	22768.737544
749001095327.000000 0.007459 1.245518	2.000000	0.010050	1.989950	1.548133	1.532089	0.001000	1.531089	1.189294	-1.285575	-0.010000	-1.275575	0.986543	22768.737544
749001109931.000000 0.007029 1.252546	2.000000	0.010050	1.989950	1.565653	1.532089	0.001000	1.531089	1.202774	-1.285575	-0.010000	-1.275575	0.997774	22768.737544
749001125425.000000 0.007458 1.260001	2.000000	0.010050	1.989950	1.584352	1.532089	0.001000	1.531089	1.217161	-1.285575	-0.010000	-1.275575	1.009760	22768.737544
749001141394.000000 0.007686 1.267685	2.000000	0.010050	1.989950	1.603741	1.532089	0.001000	1.531089	1.232079	-1.285575	-0.010000	-1.275575	1.022189	22768.737544
749001156956.000000 0.007490 1.275173	2.000000	0.010050	1.989950	1.622746	1.532089	0.001000	1.531089	1.246702	-1.285575	-0.010000	-1.275575	1.034371	22768.737544
749001174264.000000 0.008331 1.283503	2.000000	0.022804	1.977196	1.643888	1.532089	0.014000	1.518089	1.262935	-1.285575	-0.018000	-1.267575	1.047925	34931.748436
749001192328.000000 0.008695 1.292196	2.000000	0.022804	1.977196	1.666102	1.532089	0.014000	1.518089	1.279991	-1.285575	-0.018000	-1.267575	1.062167	34931.748436
749001208963.000000 0.008007 1.300199	2.000000	0.022804	1.977196	1.686685	1.532089	0.014000	1.518089	1.295794	-1.285575	-0.018000	-1.267575	1.075362	34931.748436
749001224775.000000 0.007611 1.307808	2.000000	0.022804	1.977196	1.706364	1.532089	0.014000	1.518089	1.310904	-1.285575	-0.018000	-1.267575	1.087978	34931.748436
749001241201.000000 0.007906 1.315711	2.000000	0.022804	1.977196	1.726930	1.532089	0.014000	1.518089	1.326694	-1.285575	-0.018000	-1.267575	1.101163	34931.748436
749001261892.000000 0.009960 1.325669	2.000000	0.022804	1.977196	1.753035	1.532089	0.014000	1.518089	1.346738	-1.285575	-0.018000	-1.267575	1.117899	34931.748436
749001280185.000000 0.008804 1.334470	2.000000	0.022804	1.977196	1.776266	1.532089	0.014000	1.518089	1.364574	-1.285575	-0.018000	-1.267575	1.132792	34931.748436
749001296778.000000 0.007986 1.342455	2.000000	0.022804	1.977196	1.797464	1.532089	0.014000	1.518089	1.380850	-1.285575	-0.018000	-1.267575	1.146382	34931.748436
749001312898.000000 0.007758 1.350211	2.000000	0.022804	1.977196	1.818175	1.532089	0.014000	1.518089	1.396753	-1.285575	-0.018000	-1.267575	1.159660	34931.748436
749001330595.000000 0.008518 1.358727	2.000000	0.022804	1.977196	1.841058	1.532089	0.014000	1.518089	1.414322	-1.285575	-0.018000	-1.267575	1.174330	34931.748436
749001349221.000000 0.008965 1.367690	2.000000	0.022804	1.977196	1.865301	1.532089	0.014000	1.518089	1.432936	-1.285575	-0.018000	-1.267575	1.189872	34931.748436
749001367417.000000 0.008758 1.376447	2.000000	0.022804	1.977196	1.889136	1.532089	0.014000	1.518089	1.451236	-1.285575	-0.018000	-1.267575	1.205153	34931.748436
749001384988.000000 0.008457 1.384901	2.000000	0.040311	1.959689	1.912090	1.532089	0.029000	1.503089	1.468842	-1.285575	-0.028000	-1.257575	1.219883	39750.794498
749001404446.000000 0.009365 1.394264	2.000000	0.040311	1.959689	1.937678	1.532089	0.029000	1.503089	1.488468	-1.285575	-0.028000	-1.257575	1.236303	39750.794498
749001420549.000000 0.007751 1.402012	2.000000	0.040311	1.959689	1.958972	1.532089	0.029000	1.503089	1.504801	-1.285575	-0.028000	-1.257575	1.249969	39750.794498
749001438672.000000 0.008724 1.410734	2.000000	0.040311	1.959689	1.983089	1.532089	0.029000	1.503089	1.523299	-1.285575	-0.028000	-1.257575	1.265445	39750.794498
749001459198.000000 0.009879 1.420610	2.000000	0.040311	1.959689	2.010592	1.532089	0.029000	1.503089	1.544393	-1.285575	-0.028000	-1.257575	1.283094	39750.794498
749001475196.000000 0.007701 1.428308	2.000000	0.040311	1.959689	2.032146	1.532089	0.029000	1.503089	1.560925	-1.285575	-0.028000	-1.257575	1.296926	39750.794498
749001493120.000000 0.008629 1.436936	2.000000	0.040311	1.959689	2.056444	1.532089	0.029000	1.503089	1.579562	-1.285575	-0.028000	-1.257575	1.312518	39750.794498
749001513878.000000 0.009990 1.446921	2.000000	0.040311	1.959689	2.084771	1.532089	0.029000	1.503089	1.601289	-1.285575	-0.028000	-1.257575	1.330696	39750.794498
749001530129.000000 0.007822 1.454741	2.000000	0.040311	1.959689	2.107069	1.532089	0.029000	1.503089	1.618392	-1.285575	-0.028000	-1.257575	1.345006	39750.794498
749001546286.000000 0.007778 1.462517	2.000000	0.040311	1.959689	2.129360	1.532089	0.029000	1.503089	1.635489	-1.285575	-0.028000	-1.257575	1.359310	39750.794498
749001562215.000000 0.007666 1.470180	2.000000	0.040311	1.959689	2.151448	1.532089	0.029000	1.503089	1.652430	-1.285575	-0.028000	-1.257575	1.373484	39750.794498
749001579363.000000 0.008254 1.478433	2.000000	0.040311	1.959689	2.175362	1.532089	0.029000	1.503089	1.670772	-1.285575	-0.028000	-1.257575	1.388830	39750.794498
749001597240.000000 0.008605 1.487036	2.000000	0.061620	1.938380	2.200164	1.532089	0.046000	1.486089	1.689787	-1.285575	-0.041000	-1.244575	1.404755	42072.522382
749001616247.000000 0.009148 1.496181	2.000000	0.061620	1.938380	2.226695	1.532089	0.046000	1.486089	1.710127	-1.285575	-0.041000	-1.244575	1.421790	42072.522382
749001633827.000000 0.008461 1.504640	2.000000	0.061620	1.938380	2.251372	1.532089	0.046000	1.486089	1.729047	-1.285575	-0.041000	-1.244575	1.437634	42072.522382
749001650060.000000 0.007813 1.512452	2.000000	0.061620	1.938380	2.274278	1.532089	0.046000	1.486089	1.746608	-1.285575	-0.041000	-1.244575	1.452342	42072.522382
749001666020.000000 0.007682 1.520132	2.000000	0.061620	1.938380	2.296915	1.532089	0.046000	1.486089	1.763963	-1.285575	-0.041000	-1.244575	1.466876	42072.522382
749001681662.000000 0.007528 1.527657	2.000000	0.061620	1.938380	2.319207	1.532089	0.046000	1.486089	1.781054	-1.285575	-0.041000	-1.244575	1.481189	42072.522382
749001694398.000000 0.006130 1.533786	2.000000	0.061620	1.938380	2.337433	1.532089	0.046000	1.486089	1.795027	-1.285575	-0.041000	-1.244575	1.492891	42072.522382
749001710175.000000 0.007594 1.541378	2.000000	0.061620	1.938380	2.360121	1.532089	0.046000	1.486089	1.812421	-1.285575	-0.041000	-1.244575	1.507459	42072.522382
749001724759.000000 0.007019 1.548395	2.000000	0.061620	1.938380	2.381188	1.532089	0.046000	1.486089	1.828573	-1.285575	-0.041000	-1.244575	1.520985	42072.522382
749001740008.000000 0.007339 1.555733	2.000000	0.061620	1.938380	2.403320	1.532089	0.046000	1.486089	1.845540	-1.285575	-0.041000	-1.244575	1.535196	42072.522382
749001757222.000000 0.008285 1.564018	2.000000	0.061620	1.938380	2.428438	1.532089	0.046000	1.486089	1.864797	-1.285575	-0.041000	-1.244575	1.551323	42072.522382
749001773877.000000 0.008016 1.572031	2.000000	0.061620	1.938380	2.452865	1.532089	0.046000	1.486089	1.883524	-1.285575	-0.041000	-1.244575	1.567007	42072.522382
749001791311.000000 0.008391 1.580420	2.000000	0.085703	1.914297	2.478251	1.532089	0.064000	1.468089	1.902993	-1.285575	-0.057000	-1.228575	1.583299	42072.522382
749001808915.000000 0.008473 1.588890	2.000000	0.085703	1.914297	2.504022	1.532089	0.064000	1.468089	1.922757	-1.285575	-0.057000	-1.228575	1.599839	41710.560602
749001825591.000000 0.008026 1.596915	2.000000	0.085703	1.914297	2.528558	1.532089	0.064000	1.468089	1.941574	-1.285575	-0.057000	-1.228575	1.615586	41710.560602
749001842129.000000 0.007960 1.604874	2.000000	0.085703	1.914297	2.553014	1.532089	0.064000	1.468089	1.960330	-1.285575	-0.057000	-1.228575	1.631281	41710.560602
749001858671.000000 0.007962 1.612833	2.000000	0.085703	1.914297	2.577596	1.532089	0.064000	1.468089	1.979181	-1.285575	-0.057000	-1.228575	1.647058	41710.560602
749001874395.000000 0.007569 1.620399	2.000000	0.085703	1.914297	2.601073	1.532089	0.064000	1.468089	1.997186	-1.285575	-0.057000	-1.228575	1.662125	41710.560602
749001891160.000000 0.008069 1.628466	2.000000	0.085703	1.914297	2.626226	1.532089	0.064000	1.468089	2.016476	-1.285575	-0.057000	-1.228575	1.678268	41710.560602
749001906350.000000 0.007311 1.635776	2.000000	0.085703	1.914297	2.649120	1.532089	0.064000	1.468089	2.034034	-1.285575	-0.057000	-1.228575	1.692961	41710.560602
749001920996.000000 0.007050 1.642824	2.000000	0.085703	1.914297	2.671291	1.532089	0.064000	1.468089	2.051037	-1.285575	-0.057000	-1.228575	1.707190	41710.560602
749001938744.000000 0.008543 1.651364	2.000000	0.085703	1.914297	2.698296	1.532089	0.064000	1.468089	2.071747	-1.285575	-0.057000	-1.228575	1.724522	41710.560602
749001964973.000000 0.012624 1.663986	2.000000	0.085703	1.914297	2.738508	1.532089	0.064000	1.468089	2.102586	-1.285575	-0.057000	-1.228575	1.750330	41710.560602
749001984576.000000 0.009435 1.673424	2.000000	0.085703	1.914297	2.768732	1.532089	0.064000	1.468089	2.125765	-1.285575	-0.057000	-1.228575	1.769727	41710.560602
749002001348.000000 0.008073 1.681489	2.000000	0.113358	1.886642	2.794342	1.532089	0.085000	1.447089	2.145409	-1.285575	-0.075000	-1.210575	1.786160	41710.560602
749002019103.000000 0.008545 1.690033	2.000000	0.113358	1.886642	2.821589	1.532089	0.085000	1.447089	2.166308	-1.285575	-0.075000	-1.210575	1.803643	50260.379967
749002035526.000000 0.007904 1.697933	2.000000	0.113358	1.886642	2.846909	1.532089	0.085000	1.447089	2.185729	-1.285575	-0.075000	-1.210575	1.819890	50260.379967
749002051464.000000 0.007672 1.705604	2.000000	0.113358	1.886642	2.871597	1.532089	0.085000	1.447089	2.204665	-1.285575	-0.075000	-1.210575	1.835731	50260.379967
749002068258.000000 0.008083 1.713685	2.000000	0.113358	1.886642	2.897730	1.532089	0.085000	1.447089	2.224709	-1.285575	-0.075000	-1.210575	1.852499	50260.379967
749002085890.000000 0.008486 1.722170	2.000000	0.113358	1.886642	2.925303	1.532089	0.085000	1.447089	2.245858	-1.285575	-0.075000	-1.210575	1.870192	50260.379967
749002102332.000000 0.007914 1.730081	2.000000	0.113358	1.886642	2.951134	1.532089	0.085000	1.447089	2.265671	-1.285575	-0.075000	-1.210575	1.886766	50260.379967
749002120960.000000 0.008966 1.739045	2.000000	0.113358	1.886642	2.980551	1.532089	0.085000	1.447089	2.288234	-1.285575	-0.075000	-1.210575	1.905642	50260.379967
749002136837.000000 0.007641 1.746684	2.000000	0.113358	1.886642	3.005732	1.532089	0.085000	1.447089	2.307549	-1.285575	-0.075000	-1.210575	1.921799	50260.379967
749002153696.000000 0.008114 1.754796	2.000000	0.113358	1.886642	3.032596	1.532089	0.085000	1.447089	2.328154	-1.285575	-0.075000	-1.210575	1.939037	50260.379967
749002170291.000000 0.007987 1.762782	2.000000	0.113358	1.886642	3.059160	1.532089	0.085000	1.447089	2.348529	-1.285575	-0.075000	-1.210575	1.956082	50260.379967
749002185483.000000 0.007313 1.770093	2.000000	0.113358	1.886642	3.083581	1.532089	0.085000	1.447089	2.367260	-1.285575	-0.075000	-1.210575	1.971751	50260.379967
749002201432.000000 0.007676 1.777767	2.000000	0.113358	1.886642	3.109328	1.532089	0.085000	1.447089	2.387008	-1.285575	-0.075000	-1.210575	1.988272	50260.379967
749002218177.000000 0.008060 1.785825	2.000000	0.143753	1.856247	3.136046	1.532089	0.107000	1.425089	2.407521	-1.285575	-0.096000	-1.189575	2.005394	49710.466653
749002235750.000000 0.008458 1.794280	2.000000	0.143753	1.856247	3.164216	1.532089	0.107000	1.425089	2.429148	-1.285575	-0.096000	-1.189575	2.023447	49710.466653
749002251688.000000 0.007672 1.801951	2.000000	0.143753	1.856247	3.189877	1.532089	0.107000	1.425089	2.448848	-1.285575	-0.096000	-1.189575	2.039892	49710.466653
749002266009.000000 0.006894 1.808842	2.000000	0.143753	1.856247	3.213023	1.532089	0.107000	1.425089	2.466618	-1.285575	-0.096000	-1.189575	2.054725	49710.466653
749002283480.000000 0.008409 1.817248	2.000000	0.143753	1.856247	3.241388	1.532089	0.107000	1.425089	2.488394	-1.285575	-0.096000	-1.189575	2.072903	49710.466653
749002299126.000000 0.007530 1.824776	2.000000	0.143753	1.856247	3.266894	1.532089	0.107000	1.425089	2.507976	-1.285575	-0.096000	-1.189575	2.089249	49710.466653
749002314680.000000 0.007486 1.832260	2.000000	0.143753	1.856247	3.292355	1.532089	0.107000	1.425089	2.527523	-1.285575	-0.096000	-1.189575	2.105565	49710.466653
749002328776.000000 0.006785 1.839044	2.000000	0.143753	1.856247	3.315516	1.532089	0.107000	1.425089	2.545305	-1.285575	-0.096000	-1.189575	2.120408	49710.466653
749002344634.000000 0.007633 1.846674	2.000000	0.143753	1.856247	3.341680	1.532089	0.107000	1.425089	2.565391	-1.285575	-0.096000	-1.189575	2.137175	49710.466653
749002358838.000000 0.006837 1.853509	2.000000	0.143753	1.856247	3.365203	1.532089	0.107000	1.425089	2.583450	-1.285575	-0.096000	-1.189575	2.152249	49710.466653
749002373458.000000 0.007037 1.860545	2.000000	0.143753	1.856247	3.389507	1.532089	0.107000	1.425089	2.602110	-1.285575	-0.096000	-1.189575	2.167825	49710.466653
749002389825.000000 0.007877 1.868420	2.000000	0.143753	1.856247	3.416827	1.532089	0.107000	1.425089	2.623084	-1.285575	-0.096000	-1.189575	2.185333	49710.466653
749002408055.000000 0.008774 1.877192	2.000000	0.143753	1.856247	3.447399	1.532089	0.107000	1.425089	2.646554	-1.285575	-0.096000	-1.189575	2.204925	49710.466653
749002425531.000000 0.008412 1.885603	2.000000	0.176241	1.823759	3.476326	1.532089	0.130000	1.402089	2.668793	-1.285575	-0.119000	-1.166575	2.223428	46715.100086
749002443503.000000 0.008650 1.894249	2.000000	0.176241	1.823759	3.506208	1.532089	0.130000	1.402089	2.691767	-1.285575	-0.119000	-1.166575	2.242543	46715.100086
749002458418.000000 0.007185 1.901433	2.000000	0.176241	1.823759	3.531123	1.532089	0.130000	1.402089	2.710921	-1.285575	-0.119000	-1.166575	2.258479	46715.100086
749002472201.000000 0.006634 1.908058	2.000000	0.176241	1.823759	3.554209	1.532089	0.130000	1.402089	2.728669	-1.285575	-0.119000	-1.166575	2.273246	46715.100086
749002491472.000000 0.009275 1.917333	2.000000	0.176241	1.823759	3.586643	1.532089	0.130000	1.402089	2.753604	-1.285575	-0.119000	-1.166575	2.293993	46715.100086
749002510501.000000 0.009159 1.926488	2.000000	0.176241	1.823759	3.618821	1.532089	0.130000	1.402089	2.778342	-1.285575	-0.119000	-1.166575	2.314576	46715.100086
749002529977.000000 0.009374 1.935860	2.000000	0.176241	1.823759	3.651915	1.532089	0.130000	1.402089	2.803784	-1.285575	-0.119000	-1.166575	2.335744	46715.100086
749002551213.000000 0.010221 1.946080	2.000000	0.176241	1.823759	3.688191	1.532089	0.130000	1.402089	2.831673	-1.285575	-0.119000	-1.166575	2.358949	46715.100086
749002570443.000000 0.009255 1.955332	2.000000	0.176241	1.823759	3.721194	1.532089	0.130000	1.402089	2.857046	-1.285575	-0.119000	-1.166575	2.380059	46715.100086
749002590420.000000 0.009615 1.964945	2.000000	0.176241	1.823759	3.755649	1.532089	0.130000	1.402089	2.883534	-1.285575	-0.119000	-1.166575	2.402098	46715.100086
749002608399.000000 0.008654 1.973597	2.000000	0.176241	1.823759	3.786797	1.532089	0.130000	1.402089	2.907481	-1.285575	-0.119000	-1.166575	2.422022	46715.100086
749002626449.000000 0.008687 1.982282	2.000000	0.212981	1.787019	3.817571	1.532089	0.156000	1.376089	2.931178	-1.285575	-0.145000	-1.140575	2.441664	45003.976611
749002648636.000000 0.010679 1.992958	2.000000	0.212981	1.787019	3.855603	1.532089	0.156000	1.376089	2.960464	-1.285575	-0.145000	-1.140575	2.465938	45003.976611
749002665773.000000 0.008248 2.001203	2.000000	0.212981	1.787019	3.885098	1.532089	0.156000	1.376089	2.983177	-1.285575	-0.145000	-1.140575	2.484763	45003.976611
749002681235.000000 0.007442 2.008644	2.000000	0.212981	1.787019	3.911811	1.532089	0.156000	1.376089	3.003747	-1.285575	-0.145000	-1.140575	2.501813	45003.976611
749002696709.000000 0.007447 2.016089	2.000000	0.212981	1.787019	3.938642	1.532089	0.156000	1.376089	3.024409	-1.285575	-0.145000	-1.140575	2.518939	45003.976611
749002711949.000000 0.007335 2.023423	2.000000	0.212981	1.787019	3.965164	1.532089	0.156000	1.376089	3.044832	-1.285575	-0.145000	-1.140575	2.535866	45003.976611
749002727745.000000 0.007603 2.031024	2.000000	0.212981	1.787019	3.992759	1.532089	0.156000	1.376089	3.066081	-1.285575	-0.145000	-1.140575	2.553479	45003.976611
749002745860.000000 0.008719 2.039743	2.000000	0.212981	1.787019	4.024541	1.532089	0.156000	1.376089	3.090554	-1.285575	-0.145000	-1.140575	2.573764	45003.976611
749002763739.000000 0.008606 2.048345	2.000000	0.212981	1.787019	4.056041	1.532089	0.156000	1.376089	3.114811	-1.285575	-0.145000	-1.140575	2.593869	45003.976611
749002780145.000000 0.007896 2.056239	2.000000	0.212981	1.787019	4.085056	1.532089	0.156000	1.376089	3.137154	-1.285575	-0.145000	-1.140575	2.612388	45003.976611
749002794427.000000 0.006874 2.063111	2.000000	0.212981	1.787019	4.110401	1.532089	0.156000	1.376089	3.156671	-1.285575	-0.145000	-1.140575	2.628564	45003.976611
749002809055.000000 0.007041 2.070150	2.000000	0.212981	1.787019	4.136447	1.532089	0.156000	1.376089	3.176728	-1.285575	-0.145000	-1.140575	2.645189	45003.976611
749002824178.000000 0.007279 2.077427	2.000000	0.212981	1.787019	4.163468	1.532089	0.156000	1.376089	3.197535	-1.285575	-0.145000	-1.140575	2.662435	45003.976611
749002837841.000000 0.006576 2.084002	2.000000	0.252557	1.747443	4.187418	1.532089	0.184000	1.348089	3.216011	-1.285575	-0.173000	-1.112575	2.677683	43813.120650
749002857802.000000 0.009607 2.093607	2.000000	0.252557	1.747443	4.222564	1.532089	0.184000	1.348089	3.243126	-1.285575	-0.173000	-1.112575	2.700061	43813.120650
749002871217.000000 0.006457 2.100061	2.000000	0.252557	1.747443	4.246258	1.532089	0.184000	1.348089	3.261405	-1.285575	-0.173000	-1.112575	2.715147	43813.120650
749002884966.000000 0.006618 2.106678	2.000000	0.252557	1.747443	4.270621	1.532089	0.184000	1.348089	3.280199	-1.285575	-0.173000	-1.112575	2.730658	43813.120650
749002899684.000000 0.007084 2.113760	2.000000	0.252557	1.747443	4.296787	1.532089	0.184000	1.348089	3.300386	-1.285575	-0.173000	-1.112575	2.747317	43813.120650
749002914951.000000 0.007348 2.121106	2.000000	0.252557	1.747443	4.324022	1.532089	0.184000	1.348089	3.321396	-1.285575	-0.173000	-1.112575	2.764657	43813.120650
749002927833.000000 0.006200 2.127304	2.000000	0.252557	1.747443	4.347070	1.532089	0.184000	1.348089	3.339177	-1.285575	-0.173000	-1.112575	2.779332	43813.120650
749002940774.000000 0.006229 2.133532	2.000000	0.252557	1.747443	4.370293	1.532089	0.184000	1.348089	3.357093	-1.285575	-0.173000	-1.112575	2.794118	43813.120650
749002953619.000000 0.006182 2.139713	2.000000	0.252557	1.747443	4.393409	1.532089	0.184000	1.348089	3.374926	-1.285575	-0.173000	-1.112575	2.808835	43813.120650
749002967041.000000 0.006460 2.146171	2.000000	0.252557	1.747443	4.417636	1.532089	0.184000	1.348089	3.393617	-1.285575	-0.173000	-1.112575	2.824261	43813.120650
749002980927.000000 0.006684 2.152853	2.000000	0.252557	1.747443	4.442780	1.532089	0.184000	1.348089	3.413014	-1.285575	-0.173000	-1.112575	2.840270	43813.120650
749002997295.000000 0.007878 2.160731	2.000000	0.252557	1.747443	4.472526	1.532089	0.184000	1.348089	3.435962	-1.285575	-0.173000	-1.112575	2.859208	43813.120650
749003017657.000000 0.009800 2.170528	2.000000	0.252557	1.747443	4.509698	1.532089	0.184000	1.348089	3.464639	-1.285575	-0.173000	-1.112575	2.882875	43813.120650
749003031312.000000 0.006572 2.177098	2.000000	0.252557	1.747443	4.534701	1.532089	0.184000	1.348089	3.483927	-1.285575	-0.173000	-1.112575	2.898794	43813.120650
749003044205.000000 0.006205 2.183301	2.000000	0.294241	1.705759	4.557809	1.532089	0.213000	1.319089	3.501798	-1.285575	-0.203000	-1.082575	2.913460	42560.278627
749003060689.000000 0.007934 2.191236	2.000000	0.294241	1.705759	4.587464	1.532089	0.213000	1.319089	3.524730	-1.285575	-0.203000	-1.082575	2.932281	42560.278627
749003075108.000000 0.006940 2.198173	2.000000	0.294241	1.705759	4.613485	1.532089	0.213000	1.319089	3.544852	-1.285575	-0.203000	-1.082575	2.948795	42560.278627
749003088357.000000 0.006377 2.204548	2.000000	0.294241	1.705759	4.637466	1.532089	0.213000	1.319089	3.563397	-1.285575	-0.203000	-1.082575	2.964015	42560.278627
749003100965.000000 0.006068 2.210614	2.000000	0.294241	1.705759	4.660348	1.532089	0.213000	1.319089	3.581092	-1.285575	-0.203000	-1.082575	2.978537	42560.278627
749003114903.000000 0.006708 2.217321	2.000000	0.294241	1.705759	4.685720	1.532089	0.213000	1.319089	3.600713	-1.285575	-0.203000	-1.082575	2.994640	42560.278627
749003127926.000000 0.006268 2.223587	2.000000	0.294241	1.705759	4.709494	1.532089	0.213000	1.319089	3.619098	-1.285575	-0.203000	-1.082575	3.009728	42560.278627
749003143524.000000 0.007508 2.231094	2.000000	0.294241	1.705759	4.738066	1.532089	0.213000	1.319089	3.641193	-1.285575	-0.203000	-1.082575	3.027861	42560.278627
749003156883.000000 0.006430 2.237522	2.000000	0.294241	1.705759	4.762606	1.532089	0.213000	1.319089	3.660170	-1.285575	-0.203000	-1.082575	3.043436	42560.278627
749003172896.000000 0.007707 2.245227	2.000000	0.294241	1.705759	4.792123	1.532089	0.213000	1.319089	3.682996	-1.285575	-0.203000	-1.082575	3.062169	42560.278627
749003186037.000000 0.006325 2.251551	2.000000	0.294241	1.705759	4.816416	1.532089	0.213000	1.319089	3.701782	-1.285575	-0.203000	-1.082575	3.077587	42560.278627
749003198771.000000 0.006130 2.257678	2.000000	0.294241	1.705759	4.840022	1.532089	0.213000	1.319089	3.720037	-1.285575	-0.203000	-1.082575	3.092569	42560.278627
749003212155.000000 0.006442 2.264119	2.000000	0.294241	1.705759	4.864902	1.532089	0.213000	1.319089	3.739278	-1.285575	-0.203000	-1.082575	3.108360	42560.278627
749003225447.000000 0.006398 2.270514	2.000000	0.294241	1.705759	4.889681	1.532089	0.213000	1.319089	3.758439	-1.285575	-0.203000	-1.082575	3.124086	42560.278627
749003242069.000000 0.008000 2.278512	2.000000	0.294241	1.705759	4.920773	1.532089	0.213000	1.319089	3.782483	-1.285575	-0.203000	-1.082575	3.143819	42560.278627
749003254998.000000 0.006223 2.284734	2.000000	0.339485	1.660515	4.944382	1.532089	0.245000	1.287089	3.800782	-1.285575	-0.235000	-1.050575	3.158755	41201.061923
749003270009.000000 0.007225 2.291956	2.000000	0.339485	1.660515	4.971877	1.532089	0.245000	1.287089	3.822095	-1.285575	-0.235000	-1.050575	3.176151	41201.061923
749003283153.000000 0.006327 2.298282	2.000000	0.339485	1.660515	4.996022	1.532089	0.245000	1.287089	3.840810	-1.285575	-0.235000	-1.050575	3.191427	41201.061923
749003296419.000000 0.006385 2.304665	2.000000	0.339485	1.660515	5.020457	1.532089	0.245000	1.287089	3.859749	-1.285575	-0.235000	-1.050575	3.206886	41201.061923
749003313111.000000 0.008034 2.312698	2.000000	0.339485	1.660515	5.051309	1.532089	0.245000	1.287089	3.883664	-1.285575	-0.235000	-1.050575	3.226406	41201.061923
749003329939.000000 0.008099 2.320796	2.000000	0.339485	1.660515	5.082522	1.532089	0.245000	1.287089	3.907857	-1.285575	-0.235000	-1.050575	3.246154	41201.061923
749003344142.000000 0.006836 2.327629	2.000000	0.339485	1.660515	5.108945	1.532089	0.245000	1.287089	3.928338	-1.285575	-0.235000	-1.050575	3.262871	41201.061923
749003359533.000000 0.007408 2.335036	2.000000	0.339485	1.660515	5.137668	1.532089	0.245000	1.287089	3.950602	-1.285575	-0.235000	-1.050575	3.281044	41201.061923
749003375138.000000 0.007511 2.342544	2.000000	0.339485	1.660515	5.166884	1.532089	0.245000	1.287089	3.973248	-1.285575	-0.235000	-1.050575	3.299528	41201.061923
749003390314.000000 0.007305 2.349848	2.000000	0.339485	1.660515	5.195388	1.532089	0.245000	1.287089	3.995341	-1.285575	-0.235000	-1.050575	3.317562	41201.061923
749003406673.000000 0.007874 2.357720	2.000000	0.339485	1.660515	5.226216	1.532089	0.245000	1.287089	4.019236	-1.285575	-0.235000	-1.050575	3.337066	41201.061923
749003426687.000000 0.009632 2.367351	2.000000	0.339485	1.660515	5.264082	1.532089	0.245000	1.287089	4.048586	-1.285575	-0.235000	-1.050575	3.361023	41201.061923
749003441707.000000 0.007229 2.374577	2.000000	0.339485	1.660515	5.292587	1.532089	0.245000	1.287089	4.070682	-1.285575	-0.235000	-1.050575	3.379058	41201.061923
749003457473.000000 0.007588 2.382164	2.000000	0.387559	1.612441	5.321735	1.532089	0.279000	1.253089	4.093333	-1.285575	-0.269000	-1.016575	3.397434	39757.561622
749003475178.000000 0.008521 2.390684	2.000000	0.387559	1.612441	5.354584	1.532089	0.279000	1.253089	4.118861	-1.285575	-0.269000	-1.016575	3.418144	39757.561622
749003492327.000000 0.008254 2.398935	2.000000	0.387559	1.612441	5.386511	1.532089	0.279000	1.253089	4.143673	-1.285575	-0.269000	-1.016575	3.438273	39757.561622
749003508963.000000 0.008007 2.406940	2.000000	0.387559	1.612441	5.417587	1.532089	0.279000	1.253089	4.167823	-1.285575	-0.269000	-1.016575	3.457865	39757.561622
749003526488.000000 0.008435 2.415374	2.000000	0.387559	1.612441	5.450439	1.532089	0.279000	1.253089	4.193354	-1.285575	-0.269000	-1.016575	3.478577	39757.561622
749003541934.000000 0.007434 2.422805	2.000000	0.387559	1.612441	5.479481	1.532089	0.279000	1.253089	4.215924	-1.285575	-0.269000	-1.016575	3.496886	39757.561622
749003554723.000000 0.006155 2.428959	2.000000	0.387559	1.612441	5.503589	1.532089	0.279000	1.253089	4.234659	-1.285575	-0.269000	-1.016575	3.512085	39757.561622
749003567421.000000 0.006112 2.435069	2.000000	0.387559	1.612441	5.527585	1.532089	0.279000	1.253089	4.253308	-1.285575	-0.269000	-1.016575	3.527214	39757.561622
749003583215.000000 0.007602 2.442670	2.000000	0.387559	1.612441	5.557527	1.532089	0.279000	1.253089	4.276576	-1.285575	-0.269000	-1.016575	3.546091	39757.561622
749003597265.000000 0.006762 2.449429	2.000000	0.387559	1.612441	5.584234	1.532089	0.279000	1.253089	4.297332	-1.285575	-0.269000	-1.016575	3.562929	39757.561622
749003612475.000000 0.007321 2.456749	2.000000	0.387559	1.612441	5.613235	1.532089	0.279000	1.253089	4.319869	-1.285575	-0.269000	-1.016575	3.581213	39757.561622
749003628813.000000 0.007864 2.464612	2.000000	0.387559	1.612441	5.644487	1.532089	0.279000	1.253089	4.344156	-1.285575	-0.269000	-1.016575	3.600916	39757.561622
749003644642.000000 0.007618 2.472228	2.000000	0.387559	1.612441	5.674856	1.532089	0.279000	1.253089	4.367757	-1.285575	-0.269000	-1.016575	3.620062	39757.561622
749003664994.000000 0.009795 2.482021	2.000000	0.439877	1.560123	5.712783	1.532089	0.316000	1.216089	4.397321	-1.285575	-0.306000	-0.979575	3.643876	38187.690177
749003683998.000000 0.009146 2.491167	2.000000	0.439877	1.560123	5.748331	1.532089	0.316000	1.216089	4.425030	-1.285575	-0.306000	-0.979575	3.666196	38187.690177
749003701010.000000 0.008187 2.499351	2.000000	0.439877	1.560123	5.780257	1.532089	0.316000	1.216089	4.449915	-1.285575	-0.306000	-0.979575	3.686242	38187.690177
749003714615.000000 0.006549 2.505898	2.000000	0.439877	1.560123	5.805858	1.532089	0.316000	1.216089	4.469871	-1.285575	-0.306000	-0.979575	3.702316	38187.690177
749003730995.000000 0.007884 2.513782	2.000000	0.439877	1.560123	5.836779	1.532089	0.316000	1.216089	4.493974	-1.285575	-0.306000	-0.979575	3.721731	38187.690177
749003747345.000000 0.007869 2.521647	2.000000	0.439877	1.560123	5.867736	1.532089	0.316000	1.216089	4.518104	-1.285575	-0.306000	-0.979575	3.741168	38187.690177
749003763963.000000 0.007998 2.529644	2.000000	0.439877	1.560123	5.899300	1.532089	0.316000	1.216089	4.542708	-1.285575	-0.306000	-0.979575	3.760987	38187.690177
749003779766.000000 0.007606 2.537249	2.000000	0.439877	1.560123	5.929409	1.532089	0.316000	1.216089	4.566177	-1.285575	-0.306000	-0.979575	3.779892	38187.690177
749003802449.000000 0.010917 2.548164	2.000000	0.439877	1.560123	5.972810	1.532089	0.316000	1.216089	4.600007	-1.285575	-0.306000	-0.979575	3.807142	38187.690177
749003829586.000000 0.013061 2.561223	2.000000	0.439877	1.560123	6.024999	1.532089	0.316000	1.216089	4.640688	-1.285575	-0.306000	-0.979575	3.839911	38187.690177
749003850818.000000 0.010218 2.571438	2.000000	0.439877	1.560123	6.065992	1.532089	0.316000	1.216089	4.672641	-1.285575	-0.306000	-0.979575	3.865650	38187.690177
749003866309.000000 0.007455 2.578891	2.000000	0.439877	1.560123	6.095987	1.532089	0.316000	1.216089	4.696021	-1.285575	-0.306000	-0.979575	3.884483	38187.690177
749003887050.000000 0.009982 2.588873	2.000000	0.494309	1.505691	6.134898	1.532089	0.354000	1.178089	4.726467	-1.285575	-0.345000	-0.940575	3.908790	36554.496984
749003911877.000000 0.011949 2.600821	2.000000	0.494309	1.505691	6.181693	1.532089	0.354000	1.178089	4.763080	-1.285575	-0.345000	-0.940575	3.938022	36554.496984
749003929287.000000 0.008379 2.609196	2.000000	0.494309	1.505691	6.214611	1.532089	0.354000	1.178089	4.788836	-1.285575	-0.345000	-0.940575	3.958585	36554.496984
749003949011.000000 0.009493 2.618688	2.000000	0.494309	1.505691	6.252043	1.532089	0.354000	1.178089	4.818123	-1.285575	-0.345000	-0.940575	3.981968	36554.496984
749003964588.000000 0.007497 2.626183	2.000000	0.494309	1.505691	6.281689	1.532089	0.354000	1.178089	4.841319	-1.285575	-0.345000	-0.940575	4.000488	36554.496984
749003977109.000000 0.006027 2.632208	2.000000	0.494309	1.505691	6.305576	1.532089	0.354000	1.178089	4.860009	-1.285575	-0.345000	-0.940575	4.015409	36554.496984
749003990035.000000 0.006222 2.638430	2.000000	0.494309	1.505691	6.330295	1.532089	0.354000	1.178089	4.879350	-1.285575	-0.345000	-0.940575	4.030851	36554.496984
749004006394.000000 0.007873 2.646299	2.000000	0.494309	1.505691	6.361666	1.532089	0.354000	1.178089	4.903895	-1.285575	-0.345000	-0.940575	4.050448	36554.496984
749004019779.000000 0.006442 2.652740	2.000000	0.494309	1.505691	6.387397	1.532089	0.354000	1.178089	4.924028	-1.285575	-0.345000	-0.940575	4.066522	36554.496984
749004032576.000000 0.006159 2.658898	2.000000	0.494309	1.505691	6.412056	1.532089	0.354000	1.178089	4.943321	-1.285575	-0.345000	-0.940575	4.081925	36554.496984
749004047365.000000 0.007119 2.666016	2.000000	0.494309	1.505691	6.440632	1.532089	0.354000	1.178089	4.965680	-1.285575	-0.345000	-0.940575	4.099776	36554.496984
749004064719.000000 0.008352 2.674365	2.000000	0.494309	1.505691	6.474264	1.532089	0.354000	1.178089	4.991994	-1.285575	-0.345000	-0.940575	4.120785	36554.496984
749004080058.000000 0.007382 2.681747	2.000000	0.552287	1.447713	6.502925	1.532089	0.395000	1.137089	5.014506	-1.285575	-0.386000	-0.899575	4.138595	36554.496984
749004094851.000000 0.007121 2.688867	2.000000	0.552287	1.447713	6.530646	1.532089	0.395000	1.137089	5.036279	-1.285575	-0.386000	-0.899575	4.155820	34814.882358
749004109287.000000 0.006948 2.695810	2.000000	0.552287	1.447713	6.557762	1.532089	0.395000	1.137089	5.057577	-1.285575	-0.386000	-0.899575	4.172669	34814.882358
749004125563.000000 0.007833 2.703644	2.000000	0.552287	1.447713	6.588422	1.532089	0.395000	1.137089	5.081659	-1.285575	-0.386000	-0.899575	4.191721	34814.882358
749004143416.000000 0.008594 2.712235	2.000000	0.552287	1.447713	6.622166	1.532089	0.395000	1.137089	5.108162	-1.285575	-0.386000	-0.899575	4.212688	34814.882358
749004161786.000000 0.008841 2.721073	2.000000	0.552287	1.447713	6.656995	1.532089	0.395000	1.137089	5.135518	-1.285575	-0.386000	-0.899575	4.234330	34814.882358
749004177302.000000 0.007468 2.728540	2.000000	0.552287	1.447713	6.686495	1.532089	0.395000	1.137089	5.158689	-1.285575	-0.386000	-0.899575	4.252661	34814.882358
749004191691.000000 0.006925 2.735463	2.000000	0.552287	1.447713	6.713920	1.532089	0.395000	1.137089	5.180230	-1.285575	-0.386000	-0.899575	4.269702	34814.882358
749004206771.000000 0.007258 2.742720	2.000000	0.552287	1.447713	6.742741	1.532089	0.395000	1.137089	5.202866	-1.285575	-0.386000	-0.899575	4.287610	34814.882358
749004222073.000000 0.007365 2.750083	2.000000	0.552287	1.447713	6.772062	1.532089	0.395000	1.137089	5.225896	-1.285575	-0.386000	-0.899575	4.305830	34814.882358
749004235825.000000 0.006619 2.756700	2.000000	0.552287	1.447713	6.798477	1.532089	0.395000	1.137089	5.246643	-1.285575	-0.386000	-0.899575	4.322244	34814.882358
749004249214.000000 0.006446 2.763145	2.000000	0.552287	1.447713	6.824262	1.532089	0.395000	1.137089	5.266897	-1.285575	-0.386000	-0.899575	4.338266	34814.882358
749004264006.000000 0.007120 2.770261	2.000000	0.552287	1.447713	6.852816	1.532089	0.395000	1.137089	5.289324	-1.285575	-0.386000	-0.899575	4.356009	34814.882358
749004280900.000000 0.008131 2.778390	2.000000	0.552287	1.447713	6.885522	1.532089	0.395000	1.137089	5.315013	-1.285575	-0.386000	-0.899575	4.376332	34814.882358
749004295773.000000 0.007158 2.785547	2.000000	0.612381	1.387619	6.913191	1.532089	0.437000	1.095089	5.336848	-1.285575	-0.429000	-0.856575	4.393411	33015.103654
749004312444.000000 0.008024 2.793569	2.000000	0.612381	1.387619	6.944295	1.532089	0.437000	1.095089	5.361395	-1.285575	-0.429000	-0.856575	4.412612	33015.103654
749004328538.000000 0.007746 2.801312	2.000000	0.612381	1.387619	6.974404	1.532089	0.437000	1.095089	5.385156	-1.285575	-0.429000	-0.856575	4.431198	33015.103654
749004345211.000000 0.008025 2.809336	2.000000	0.612381	1.387619	7.005687	1.532089	0.437000	1.095089	5.409845	-1.285575	-0.429000	-0.856575	4.450509	33015.103654
749004367719.000000 0.010834 2.820168	2.000000	0.612381	1.387619	7.048082	1.532089	0.437000	1.095089	5.443302	-1.285575	-0.429000	-0.856575	4.476680	33015.103654
749004384022.000000 0.007846 2.828011	2.000000	0.612381	1.387619	7.078873	1.532089	0.437000	1.095089	5.467602	-1.285575	-0.429000	-0.856575	4.495686	33015.103654
749004399209.000000 0.007310 2.835320	2.000000	0.612381	1.387619	7.107632	1.532089	0.437000	1.095089	5.490298	-1.285575	-0.429000	-0.856575	4.513439	33015.103654
749004413651.000000 0.006951 2.842268	2.000000	0.612381	1.387619	7.135048	1.532089	0.437000	1.095089	5.511934	-1.285575	-0.429000	-0.856575	4.530363	33015.103654
749004428398.000000 0.007098 2.849365	2.000000	0.612381	1.387619	7.163112	1.532089	0.437000	1.095089	5.534082	-1.285575	-0.429000	-0.856575	4.547687	33015.103654
749004443248.000000 0.007147 2.856511	2.000000	0.612381	1.387619	7.191442	1.532089	0.437000	1.095089	5.556439	-1.285575	-0.429000	-0.856575	4.565175	33015.103654
749004455628.000000 0.005959 2.862467	2.000000	0.612381	1.387619	7.215111	1.532089	0.437000	1.095089	5.575119	-1.285575	-0.429000	-0.856575	4.579786	33015.103654
749004468848.000000 0.006363 2.868829	2.000000	0.612381	1.387619	7.240441	1.532089	0.437000	1.095089	5.595109	-1.285575	-0.429000	-0.856575	4.595422	33015.103654
749004483202.000000 0.006909 2.875736	2.000000	0.612381	1.387619	7.268010	1.532089	0.437000	1.095089	5.616866	-1.285575	-0.429000	-0.856575	4.612441	33015.103654
749004499286.000000 0.007741 2.883475	2.000000	0.673189	1.326811	7.297626	1.532089	0.480000	1.052089	5.640350	-1.285575	-0.472000	-0.813575	4.630600	31204.478739
749004515083.000000 0.007603 2.891077	2.000000	0.673189	1.326811	7.326791	1.532089	0.480000	1.052089	5.663476	-1.285575	-0.472000	-0.813575	4.648484	31204.478739
749004528507.000000 0.006461 2.897535	2.000000	0.673189	1.326811	7.351630	1.532089	0.480000	1.052089	5.683172	-1.285575	-0.472000	-0.813575	4.663715	31204.478739
749004541133.000000 0.006077 2.903611	2.000000	0.673189	1.326811	7.375042	1.532089	0.480000	1.052089	5.701737	-1.285575	-0.472000	-0.813575	4.678071	31204.478739
749004557046.000000 0.007659 2.911270	2.000000	0.673189	1.326811	7.404625	1.532089	0.480000	1.052089	5.725195	-1.285575	-0.472000	-0.813575	4.696211	31204.478739
749004572436.000000 0.007408 2.918675	2.000000	0.673189	1.326811	7.433313	1.532089	0.480000	1.052089	5.747942	-1.285575	-0.472000	-0.813575	4.713801	31204.478739
749004594135.000000 0.010443 2.929116	2.000000	0.673189	1.326811	7.473898	1.532089	0.480000	1.052089	5.780124	-1.285575	-0.472000	-0.813575	4.738687	31204.478739
749004609941.000000 0.007608 2.936722	2.000000	0.673189	1.326811	7.503542	1.532089	0.480000	1.052089	5.803631	-1.285575	-0.472000	-0.813575	4.756865	31204.478739
749004626766.000000 0.008097 2.944817	2.000000	0.673189	1.326811	7.535181	1.532089	0.480000	1.052089	5.828718	-1.285575	-0.472000	-0.813575	4.776265	31204.478739
749004643331.000000 0.007972 2.952788	2.000000	0.673189	1.326811	7.566415	1.532089	0.480000	1.052089	5.853485	-1.285575	-0.472000	-0.813575	4.795417	31204.478739
749004662426.000000 0.009191 2.961979	2.000000	0.673189	1.326811	7.602537	1.532089	0.480000	1.052089	5.882128	-1.285575	-0.472000	-0.813575	4.817566	31204.478739
749004680219.000000 0.008564 2.970540	2.000000	0.673189	1.326811	7.636289	1.532089	0.480000	1.052089	5.908892	-1.285575	-0.472000	-0.813575	4.838263	31204.478739
749004696153.000000 0.007669 2.978206	2.000000	0.673189	1.326811	7.666593	1.532089	0.480000	1.052089	5.932921	-1.285575	-0.472000	-0.813575	4.856844	31204.478739
749004712392.000000 0.007816 2.986020	2.000000	0.732584	1.267416	7.696173	1.532089	0.522000	1.010089	5.956495	-1.285575	-0.514000	-0.771575	4.874852	29435.950117
749004735492.000000 0.011117 2.997136	2.000000	0.732584	1.267416	7.738403	1.532089	0.522000	1.010089	5.990151	-1.285575	-0.514000	-0.771575	4.900561	29435.950117
749004754097.000000 0.008954 3.006089	2.000000	0.732584	1.267416	7.772520	1.532089	0.522000	1.010089	6.017341	-1.285575	-0.514000	-0.771575	4.921330	29435.950117
749004769390.000000 0.007360 3.013447	2.000000	0.732584	1.267416	7.800631	1.532089	0.522000	1.010089	6.039745	-1.285575	-0.514000	-0.771575	4.938444	29435.950117
749004785260.000000 0.007638 3.021084	2.000000	0.732584	1.267416	7.829878	1.532089	0.522000	1.010089	6.063054	-1.285575	-0.514000	-0.771575	4.956249	29435.950117
749004801502.000000 0.007818 3.028899	2.000000	0.732584	1.267416	7.859890	1.532089	0.522000	1.010089	6.086972	-1.285575	-0.514000	-0.771575	4.974520	29435.950117
749004816387.000000 0.007164 3.036061	2.000000	0.732584	1.267416	7.887457	1.532089	0.522000	1.010089	6.108942	-1.285575	-0.514000	-0.771575	4.991302	29435.950117
749004835287.000000 0.009096 3.045157	2.000000	0.732584	1.267416	7.922565	1.532089	0.522000	1.010089	6.136922	-1.285575	-0.514000	-0.771575	5.012674	29435.950117
749004850935.000000 0.007532 3.052686	2.000000	0.732584	1.267416	7.951705	1.532089	0.522000	1.010089	6.160145	-1.285575	-0.514000	-0.771575	5.030414	29435.950117
749004866798.000000 0.007635 3.060318	2.000000	0.732584	1.267416	7.981317	1.532089	0.522000	1.010089	6.183745	-1.285575	-0.514000	-0.771575	5.048441	29435.950117
749004882841.000000 0.007722 3.068039	2.000000	0.732584	1.267416	8.011342	1.532089	0.522000	1.010089	6.207675	-1.285575	-0.514000	-0.771575	5.066720	29435.950117
749004901203.000000 0.008838 3.076875	2.000000	0.732584	1.267416	8.045806	1.532089	0.522000	1.010089	6.235141	-1.285575	-0.514000	-0.771575	5.087701	29435.950117
749004917795.000000 0.007987 3.084860	2.000000	0.793394	1.206606	8.075535	1.532089	0.565000	0.967089	6.258969	-1.285575	-0.557000	-0.728575	5.105652	27625.304770
749004934994.000000 0.008277 3.093134	2.000000	0.793394	1.206606	8.106428	1.532089	0.565000	0.967089	6.283729	-1.285575	-0.557000	-0.728575	5.124306	27625.304770
749004950890.000000 0.007650 3.100783	2.000000	0.793394	1.206606	8.135052	1.532089	0.565000	0.967089	6.306671	-1.285575	-0.557000	-0.728575	5.141589	27625.304770
749004968856.000000 0.008647 3.109429	2.000000	0.793394	1.206606	8.167494	1.532089	0.565000	0.967089	6.332673	-1.285575	-0.557000	-0.728575	5.161179	27625.304770
749004984698.000000 0.007625 3.117051	2.000000	0.793394	1.206606	8.196172	1.532089	0.565000	0.967089	6.355659	-1.285575	-0.557000	-0.728575	5.178495	27625.304770
749005001668.000000 0.008168 3.125219	2.000000	0.793394	1.206606	8.226973	1.532089	0.565000	0.967089	6.380346	-1.285575	-0.557000	-0.728575	5.197094	27625.304770
749005018955.000000 0.008320 3.133536	2.000000	0.793394	1.206606	8.258430	1.532089	0.565000	0.967089	6.405558	-1.285575	-0.557000	-0.728575	5.216088	27625.304770
749005034007.000000 0.007245 3.140779	2.000000	0.793394	1.206606	8.285886	1.532089	0.565000	0.967089	6.427564	-1.285575	-0.557000	-0.728575	5.232666	27625.304770
749005051954.000000 0.008637 3.149415	2.000000	0.793394	1.206606	8.318709	1.532089	0.565000	0.967089	6.453871	-1.285575	-0.557000	-0.728575	5.252486	27625.304770
749005073903.000000 0.010564 3.159978	2.000000	0.793394	1.206606	8.358986	1.532089	0.565000	0.967089	6.486154	-1.285575	-0.557000	-0.728575	5.276806	27625.304770
749005095979.000000 0.010625 3.170601	2.000000	0.793394	1.206606	8.399635	1.532089	0.565000	0.967089	6.518733	-1.285575	-0.557000	-0.728575	5.301350	27625.304770
749005113639.000000 0.008499 3.179097	2.000000	0.793394	1.206606	8.432237	1.532089	0.565000	0.967089	6.544864	-1.285575	-0.557000	-0.728575	5.321037	27625.304770
749005126823.000000 0.006346 3.185441	2.000000	0.853492	1.146508	8.455413	1.532089	0.607000	0.925089	6.563564	-1.285575	-0.600000	-0.685575	5.334895	25835.837285
749005143806.000000 0.008174 3.193613	2.000000	0.853492	1.146508	8.485343	1.532089	0.607000	0.925089	6.587713	-1.285575	-0.600000	-0.685575	5.352792	25835.837285
749005157528.000000 0.006604 3.200216	2.000000	0.853492	1.146508	8.509574	1.532089	0.607000	0.925089	6.607266	-1.285575	-0.600000	-0.685575	5.367282	25835.837285
749005170609.000000 0.006296 3.206510	2.000000	0.853492	1.146508	8.532720	1.532089	0.607000	0.925089	6.625941	-1.285575	-0.600000	-0.685575	5.381122	25835.837285
749005183419.000000 0.006166 3.212675	2.000000	0.853492	1.146508	8.555432	1.532089	0.607000	0.925089	6.644267	-1.285575	-0.600000	-0.685575	5.394703	25835.837285
749005197128.000000 0.006598 3.219271	2.000000	0.853492	1.146508	8.579785	1.532089	0.607000	0.925089	6.663916	-1.285575	-0.600000	-0.685575	5.409265	25835.837285
749005215724.000000 0.008950 3.228220	2.000000	0.853492	1.146508	8.612911	1.532089	0.607000	0.925089	6.690645	-1.285575	-0.600000	-0.685575	5.429074	25835.837285
749005230474.000000 0.007099 3.235316	2.000000	0.853492	1.146508	8.639243	1.532089	0.607000	0.925089	6.711892	-1.285575	-0.600000	-0.685575	5.444820	25835.837285
749005244028.000000 0.006524 3.241838	2.000000	0.853492	1.146508	8.663490	1.532089	0.607000	0.925089	6.731456	-1.285575	-0.600000	-0.685575	5.459318	25835.837285
749005258246.000000 0.006843 3.248680	2.000000	0.853492	1.146508	8.688978	1.532089	0.607000	0.925089	6.752022	-1.285575	-0.600000	-0.685575	5.474559	25835.837285
749005271116.000000 0.006195 3.254873	2.000000	0.853492	1.146508	8.712095	1.532089	0.607000	0.925089	6.770675	-1.285575	-0.600000	-0.685575	5.488383	25835.837285
749005283948.000000 0.006176 3.261048	2.000000	0.853492	1.146508	8.735187	1.532089	0.607000	0.925089	6.789306	-1.285575	-0.600000	-0.685575	5.502191	25835.837285
749005297203.000000 0.006380 3.267426	2.000000	0.853492	1.146508	8.759086	1.532089	0.607000	0.925089	6.808590	-1.285575	-0.600000	-0.685575	5.516482	25835.837285
749005312291.000000 0.007262 3.274686	2.000000	0.853492	1.146508	8.786349	1.532089	0.607000	0.925089	6.830588	-1.285575	-0.600000	-0.685575	5.532784	25835.837285
749005327759.000000 0.007445 3.282130	2.000000	0.914302	1.085698	8.812877	1.532089	0.650000	0.882089	6.852141	-1.285575	-0.643000	-0.642575	5.548485	24025.170518
749005343313.000000 0.007486 3.289614	2.000000	0.914302	1.085698	8.839613	1.532089	0.650000	0.882089	6.873863	-1.285575	-0.643000	-0.642575	5.564309	24025.170518
749005357031.000000 0.006602 3.296215	2.000000	0.914302	1.085698	8.863241	1.532089	0.650000	0.882089	6.893060	-1.285575	-0.643000	-0.642575	5.578293	24025.170518
749005370135.000000 0.006307 3.302520	2.000000	0.914302	1.085698	8.885855	1.532089	0.650000	0.882089	6.911433	-1.285575	-0.643000	-0.642575	5.591677	24025.170518
749005385696.000000 0.007490 3.310009	2.000000	0.914302	1.085698	8.912771	1.532089	0.650000	0.882089	6.933301	-1.285575	-0.643000	-0.642575	5.607608	24025.170518
749005399810.000000 0.006793 3.316799	2.000000	0.914302	1.085698	8.937233	1.532089	0.650000	0.882089	6.953175	-1.285575	-0.643000	-0.642575	5.622085	24025.170518
749005413169.000000 0.006430 3.323228	2.000000	0.914302	1.085698	8.960433	1.532089	0.650000	0.882089	6.972025	-1.285575	-0.643000	-0.642575	5.635817	24025.170518
749005425666.000000 0.006015 3.329242	2.000000	0.914302	1.085698	8.982174	1.532089	0.650000	0.882089	6.989689	-1.285575	-0.643000	-0.642575	5.648684	24025.170518
749005438915.000000 0.006377 3.335617	2.000000	0.914302	1.085698	9.005269	1.532089	0.650000	0.882089	7.008452	-1.285575	-0.643000	-0.642575	5.662353	24025.170518
749005451584.000000 0.006098 3.341713	2.000000	0.914302	1.085698	9.027392	1.532089	0.650000	0.882089	7.026426	-1.285575	-0.643000	-0.642575	5.675447	24025.170518
749005464084.000000 0.006016 3.347727	2.000000	0.914302	1.085698	9.049259	1.532089	0.650000	0.882089	7.044193	-1.285575	-0.643000	-0.642575	5.688389	24025.170518
749005476729.000000 0.006086 3.353812	2.000000	0.914302	1.085698	9.071420	1.532089	0.650000	0.882089	7.062198	-1.285575	-0.643000	-0.642575	5.701505	24025.170518
749005492909.000000 0.007788 3.361599	2.000000	0.914302	1.085698	9.099842	1.532089	0.650000	0.882089	7.085290	-1.285575	-0.643000	-0.642575	5.718327	24025.170518
749005506361.000000 0.006474 3.368071	2.000000	0.914302	1.085698	9.123517	1.532089	0.650000	0.882089	7.104525	-1.285575	-0.643000	-0.642575	5.732339	24025.170518
749005519145.000000 0.006153 3.374223	2.000000	0.914302	1.085698	9.146060	1.532089	0.650000	0.882089	7.122840	-1.285575	-0.643000	-0.642575	5.745681	24025.170518
749005531866.000000 0.006123 3.380344	2.000000	0.914302	1.085698	9.168530	1.532089	0.650000	0.882089	7.141096	-1.285575	-0.643000	-0.642575	5.758980	24025.170518
749005545013.000000 0.006329 3.386672	2.000000	0.975113	1.024887	9.190497	1.532089	0.693000	0.839089	7.159080	-1.285575	-0.686000	-0.599575	5.771831	22214.500205
749005564551.000000 0.009403 3.396072	2.000000	0.975113	1.024887	9.223225	1.532089	0.693000	0.839089	7.185875	-1.285575	-0.686000	-0.599575	5.790977	22214.500205
749005578031.000000 0.006488 3.402558	2.000000	0.975113	1.024887	9.245849	1.532089	0.693000	0.839089	7.204398	-1.285575	-0.686000	-0.599575	5.804213	22214.500205
749005591423.000000 0.006446 3.409002	2.000000	0.975113	1.024887	9.268369	1.532089	0.693000	0.839089	7.222836	-1.285575	-0.686000	-0.599575	5.817387	22214.500205
749005604782.000000 0.006430 3.415431	2.000000	0.975113	1.024887	9.290878	1.532089	0.693000	0.839089	7.241264	-1.285575	-0.686000	-0.599575	5.830555	22214.500205
749005620033.000000 0.007340 3.422769	2.000000	0.975113	1.024887	9.316626	1.532089	0.693000	0.839089	7.262344	-1.285575	-0.686000	-0.599575	5.845619	22214.500205
749005633253.000000 0.006363 3.429131	2.000000	0.975113	1.024887	9.338990	1.532089	0.693000	0.839089	7.280654	-1.285575	-0.686000	-0.599575	5.858702	22214.500205
749005646383.000000 0.006319 3.435448	2.000000	0.975113	1.024887	9.361241	1.532089	0.693000	0.839089	7.298871	-1.285575	-0.686000	-0.599575	5.871719	22214.500205
749005661527.000000 0.007289 3.442737	2.000000	0.975113	1.024887	9.386960	1.532089	0.693000	0.839089	7.319927	-1.285575	-0.686000	-0.599575	5.886765	22214.500205
749005675246.000000 0.006603 3.449338	2.000000	0.975113	1.024887	9.410304	1.532089	0.693000	0.839089	7.339039	-1.285575	-0.686000	-0.599575	5.900421	22214.500205
749005688205.000000 0.006237 3.455573	2.000000	0.975113	1.024887	9.432393	1.532089	0.693000	0.839089	7.357124	-1.285575	-0.686000	-0.599575	5.913344	22214.500205
749005700870.000000 0.006096 3.461667	2.000000	0.975113	1.024887	9.454020	1.532089	0.693000	0.839089	7.374830	-1.285575	-0.686000	-0.599575	5.925996	22214.500205
749005715486.000000 0.007035 3.468701	2.000000	0.975113	1.024887	9.479030	1.532089	0.693000	0.839089	7.395306	-1.285575	-0.686000	-0.599575	5.940627	22214.500205
749005730793.000000 0.007368 3.476067	2.000000	0.975113	1.024887	9.505277	1.532089	0.693000	0.839089	7.416795	-1.285575	-0.686000	-0.599575	5.955982	22214.500205
749005746793.000000 0.007701 3.483766	2.000000	1.035213	0.964787	9.531159	1.532089	0.735000	0.797089	7.438178	-1.285575	-0.729000	-0.556575	5.970913	20424.974805
749005762302.000000 0.007464 3.491229	2.000000	1.035213	0.964787	9.556301	1.532089	0.735000	0.797089	7.458950	-1.285575	-0.729000	-0.556575	5.985417	20424.974805
749005775637.000000 0.006418 3.497644	2.000000	1.035213	0.964787	9.577959	1.532089	0.735000	0.797089	7.476843	-1.285575	-0.729000	-0.556575	5.997911	20424.974805
749005789221.000000 0.006539 3.504182	2.000000	1.035213	0.964787	9.600065	1.532089	0.735000	0.797089	7.495108	-1.285575	-0.729000	-0.556575	6.010665	20424.974805
749005806033.000000 0.008091 3.512271	2.000000	1.035213	0.964787	9.627483	1.532089	0.735000	0.797089	7.517760	-1.285575	-0.729000	-0.556575	6.026482	20424.974805
749005820116.000000 0.006778 3.519048	2.000000	1.035213	0.964787	9.650496	1.532089	0.735000	0.797089	7.536772	-1.285575	-0.729000	-0.556575	6.039757	20424.974805
749005835812.000000 0.007555 3.526601	2.000000	1.035213	0.964787	9.676200	1.532089	0.735000	0.797089	7.558009	-1.285575	-0.729000	-0.556575	6.054586	20424.974805
749005851309.000000 0.007459 3.534058	2.000000	1.035213	0.964787	9.701632	1.532089	0.735000	0.797089	7.579020	-1.285575	-0.729000	-0.556575	6.069257	20424.974805
749005866260.000000 0.007196 3.541253	2.000000	1.035213	0.964787	9.726217	1.532089	0.735000	0.797089	7.599332	-1.285575	-0.729000	-0.556575	6.083440	20424.974805
749005881890.000000 0.007523 3.548773	2.000000	1.035213	0.964787	9.751974	1.532089	0.735000	0.797089	7.620612	-1.285575	-0.729000	-0.556575	6.098299	20424.974805
749005894962.000000 0.006292 3.555064	2.000000	1.035213	0.964787	9.773555	1.532089	0.735000	0.797089	7.638441	-1.285575	-0.729000	-0.556575	6.110749	20424.974805
749005910827.000000 0.007636 3.562697	2.000000	1.035213	0.964787	9.799800	1.532089	0.735000	0.797089	7.660125	-1.285575	-0.729000	-0.556575	6.125889	20424.974805
749005924713.000000 0.006684 3.569379	2.000000	1.035213	0.964787	9.822817	1.532089	0.735000	0.797089	7.679141	-1.285575	-0.729000	-0.556575	6.139168	20424.974805
749005938518.000000 0.006644 3.576022	2.000000	1.035213	0.964787	9.845741	1.532089	0.735000	0.797089	7.698080	-1.285575	-0.729000	-0.556575	6.152392	20424.974805
749005950825.000000 0.005923 3.581943	2.000000	1.096024	0.903976	9.864921	1.532089	0.778000	0.754089	7.714080	-1.285575	-0.772000	-0.513575	6.163289	20424.974805
749005964554.000000 0.006608 3.588551	2.000000	1.096024	0.903976	9.886358	1.532089	0.778000	0.754089	7.731962	-1.285575	-0.772000	-0.513575	6.175468	18614.293976
749005982736.000000 0.008751 3.597300	2.000000	1.096024	0.903976	9.914816	1.532089	0.778000	0.754089	7.755702	-1.285575	-0.772000	-0.513575	6.191636	18614.293976
749005995072.000000 0.005937 3.603235	2.000000	1.096024	0.903976	9.934156	1.532089	0.778000	0.754089	7.771835	-1.285575	-0.772000	-0.513575	6.202623	18614.293976
749006007413.000000 0.005940 3.609173	2.000000	1.096024	0.903976	9.953535	1.532089	0.778000	0.754089	7.788001	-1.285575	-0.772000	-0.513575	6.213633	18614.293976
749006019638.000000 0.005885 3.615059	2.000000	1.096024	0.903976	9.972767	1.532089	0.778000	0.754089	7.804044	-1.285575	-0.772000	-0.513575	6.224559	18614.293976
749006032770.000000 0.006320 3.621374	2.000000	1.096024	0.903976	9.993458	1.532089	0.778000	0.754089	7.821304	-1.285575	-0.772000	-0.513575	6.236314	18614.293976
749006047928.000000 0.007296 3.628670	2.000000	1.096024	0.903976	10.017390	1.532089	0.778000	0.754089	7.841268	-1.285575	-0.772000	-0.513575	6.249911	18614.293976
749006061668.000000 0.006614 3.635281	2.000000	1.096024	0.903976	10.039123	1.532089	0.778000	0.754089	7.859398	-1.285575	-0.772000	-0.513575	6.262258	18614.293976
749006075816.000000 0.006810 3.642089	2.000000	1.096024	0.903976	10.061545	1.532089	0.778000	0.754089	7.878102	-1.285575	-0.772000	-0.513575	6.274997	18614.293976
749006088197.000000 0.005960 3.648046	2.000000	1.096024	0.903976	10.081198	1.532089	0.778000	0.754089	7.894496	-1.285575	-0.772000	-0.513575	6.286162	18614.293976
749006100648.000000 0.005993 3.654037	2.000000	1.096024	0.903976	10.100993	1.532089	0.778000	0.754089	7.911009	-1.285575	-0.772000	-0.513575	6.297408	18614.293976
749006115327.000000 0.007065 3.661102	2.000000	1.096024	0.903976	10.124376	1.532089	0.778000	0.754089	7.930515	-1.285575	-0.772000	-0.513575	6.310693	18614.293976
749006136695.000000 0.010285 3.671384	2.000000	1.096024	0.903976	10.158509	1.532089	0.778000	0.754089	7.958988	-1.285575	-0.772000	-0.513575	6.330085	18614.293976
749006154657.000000 0.008645 3.680027	2.000000	1.156125	0.843875	10.185356	1.532089	0.820000	0.712089	7.981643	-1.285575	-0.815000	-0.470575	6.345056	18614.293976
749006172667.000000 0.008668 3.688694	2.000000	1.156125	0.843875	10.212338	1.532089	0.820000	0.712089	8.004411	-1.285575	-0.815000	-0.470575	6.360102	16824.736915
749006186244.000000 0.006535 3.695226	2.000000	1.156125	0.843875	10.232715	1.532089	0.820000	0.712089	8.021606	-1.285575	-0.815000	-0.470575	6.371465	16824.736915
749006198920.000000 0.006101 3.701324	2.000000	1.156125	0.843875	10.251770	1.532089	0.820000	0.712089	8.037685	-1.285575	-0.815000	-0.470575	6.382091	16824.736915
749006214163.000000 0.007337 3.708661	2.000000	1.156125	0.843875	10.274733	1.532089	0.820000	0.712089	8.057062	-1.285575	-0.815000	-0.470575	6.394895	16824.736915
749006235174.000000 0.010113 3.718773	2.000000	1.156125	0.843875	10.306469	1.532089	0.820000	0.712089	8.083841	-1.285575	-0.815000	-0.470575	6.412592	16824.736915
749006250069.000000 0.007169 3.725938	2.000000	1.156125	0.843875	10.329009	1.532089	0.820000	0.712089	8.102862	-1.285575	-0.815000	-0.470575	6.425162	16824.736915
749006262970.000000 0.006209 3.732145	2.000000	1.156125	0.843875	10.348565	1.532089	0.820000	0.712089	8.119364	-1.285575	-0.815000	-0.470575	6.436067	16824.736915
749006275623.000000 0.006090 3.738234	2.000000	1.156125	0.843875	10.367776	1.532089	0.820000	0.712089	8.135575	-1.285575	-0.815000	-0.470575	6.446780	16824.736915
749006288386.000000 0.006143 3.744375	2.000000	1.156125	0.843875	10.387186	1.532089	0.820000	0.712089	8.151954	-1.285575	-0.815000	-0.470575	6.457604	16824.736915
749006301457.000000 0.006291 3.750665	2.000000	1.156125	0.843875	10.407098	1.532089	0.820000	0.712089	8.168756	-1.285575	-0.815000	-0.470575	6.468707	16824.736915
749006317405.000000 0.007675 3.758340	2.000000	1.156125	0.843875	10.431442	1.532089	0.820000	0.712089	8.189298	-1.285575	-0.815000	-0.470575	6.482282	16824.736915
749006335724.000000 0.008817 3.767155	2.000000	1.156125	0.843875	10.459471	1.532089	0.820000	0.712089	8.212950	-1.285575	-0.815000	-0.470575	6.497912	16824.736915
749006351461.000000 0.007574 3.774726	2.000000	1.156125	0.843875	10.483597	1.532089	0.820000	0.712089	8.233308	-1.285575	-0.815000	-0.470575	6.511365	16824.736915
749006363958.000000 0.006015 3.780740	2.000000	1.156125	0.843875	10.502789	1.532089	0.820000	0.712089	8.249503	-1.285575	-0.815000	-0.470575	6.522068	16824.736915
749006376822.000000 0.006192 3.786931	2.000000	1.216936	0.783064	10.521150	1.532089	0.863000	0.669089	8.265192	-1.285575	-0.858000	-0.427575	6.532094	15014.049767
749006397932.000000 0.010159 3.797088	2.000000	1.216936	0.783064	10.551358	1.532089	0.863000	0.669089	8.291003	-1.285575	-0.858000	-0.427575	6.548588	15014.049767
749006414088.000000 0.007776 3.804863	2.000000	1.216936	0.783064	10.574526	1.532089	0.863000	0.669089	8.310799	-1.285575	-0.858000	-0.427575	6.561238	15014.049767
749006428054.000000 0.006722 3.811582	2.000000	1.216936	0.783064	10.594589	1.532089	0.863000	0.669089	8.327941	-1.285575	-0.858000	-0.427575	6.572193	15014.049767
749006441573.000000 0.006507 3.818087	2.000000	1.216936	0.783064	10.614043	1.532089	0.863000	0.669089	8.344564	-1.285575	-0.858000	-0.427575	6.582815	15014.049767
749006453695.000000 0.005834 3.823921	2.000000	1.216936	0.783064	10.631513	1.532089	0.863000	0.669089	8.359491	-1.285575	-0.858000	-0.427575	6.592355	15014.049767
749006465756.000000 0.005805 3.829724	2.000000	1.216936	0.783064	10.648922	1.532089	0.863000	0.669089	8.374366	-1.285575	-0.858000	-0.427575	6.601861	15014.049767
749006478249.000000 0.006013 3.835735	2.000000	1.216936	0.783064	10.666983	1.532089	0.863000	0.669089	8.389798	-1.285575	-0.858000	-0.427575	6.611722	15014.049767
749006494008.000000 0.007585 3.843319	2.000000	1.216936	0.783064	10.689809	1.532089	0.863000	0.669089	8.409302	-1.285575	-0.858000	-0.427575	6.624186	15014.049767
749006509292.000000 0.007356 3.850674	2.000000	1.216936	0.783064	10.711991	1.532089	0.863000	0.669089	8.428256	-1.285575	-0.858000	-0.427575	6.636298	15014.049767
749006523947.000000 0.007053 3.857725	2.000000	1.216936	0.783064	10.733298	1.532089	0.863000	0.669089	8.446461	-1.285575	-0.858000	-0.427575	6.647932	15014.049767
749006536305.000000 0.005948 3.863672	2.000000	1.216936	0.783064	10.751294	1.532089	0.863000	0.669089	8.461838	-1.285575	-0.858000	-0.427575	6.657759	15014.049767
749006549258.000000 0.006235 3.869905	2.000000	1.216936	0.783064	10.770188	1.532089	0.863000	0.669089	8.477982	-1.285575	-0.858000	-0.427575	6.668075	15014.049767
749006563736.000000 0.006969 3.876872	2.000000	1.216936	0.783064	10.791343	1.532089	0.863000	0.669089	8.496058	-1.285575	-0.858000	-0.427575	6.679627	15014.049767
749006576887.000000 0.006330 3.883199	2.000000	1.277038	0.722962	10.809113	1.532089	0.905000	0.627089	8.511471	-1.285575	-0.901000	-0.384575	6.689079	13224.468829
749006596581.000000 0.009479 3.892677	2.000000	1.277038	0.722962	10.835788	1.532089	0.905000	0.627089	8.534609	-1.285575	-0.901000	-0.384575	6.703269	13224.468829
749006612790.000000 0.007802 3.900477	2.000000	1.277038	0.722962	10.857788	1.532089	0.905000	0.627089	8.553691	-1.285575	-0.901000	-0.384575	6.714971	13224.468829
749006633765.000000 0.010095 3.910571	2.000000	1.277038	0.722962	10.886329	1.532089	0.905000	0.627089	8.578448	-1.285575	-0.901000	-0.384575	6.730154	13224.468829
749006652255.000000 0.008899 3.919468	2.000000	1.277038	0.722962	10.911546	1.532089	0.905000	0.627089	8.600321	-1.285575	-0.901000	-0.384575	6.743568	13224.468829
749006672700.000000 0.009841 3.929306	2.000000	1.277038	0.722962	10.939502	1.532089	0.905000	0.627089	8.624569	-1.285575	-0.901000	-0.384575	6.758439	13224.468829
749006689449.000000 0.008061 3.937364	2.000000	1.277038	0.722962	10.962449	1.532089	0.905000	0.627089	8.644473	-1.285575	-0.901000	-0.384575	6.770645	13224.468829
749006707158.000000 0.008524 3.945887	2.000000	1.277038	0.722962	10.986766	1.532089	0.905000	0.627089	8.665566	-1.285575	-0.901000	-0.384575	6.783581	13224.468829
749006724909.000000 0.008544 3.954428	2.000000	1.277038	0.722962	11.011192	1.532089	0.905000	0.627089	8.686752	-1.285575	-0.901000	-0.384575	6.796574	13224.468829
749006741607.000000 0.008036 3.962462	2.000000	1.277038	0.722962	11.034214	1.532089	0.905000	0.627089	8.706721	-1.285575	-0.901000	-0.384575	6.808820	13224.468829
749006763126.000000 0.010357 3.972818	2.000000	1.277038	0.722962	11.063961	1.532089	0.905000	0.627089	8.732524	-1.285575	-0.901000	-0.384575	6.824644	13224.468829
749006785014.000000 0.010535 3.983351	2.000000	1.337849	0.662151	11.091748	1.532089	0.948000	0.584089	8.757034	-1.285575	-0.944000	-0.341575	6.838978	11413.777876
749006810567.000000 0.012299 3.995647	2.000000	1.337849	0.662151	11.124288	1.532089	0.948000	0.584089	8.785739	-1.285575	-0.944000	-0.341575	6.855764	11413.777876
749006830532.000000 0.009609 4.005253	2.000000	1.337849	0.662151	11.149772	1.532089	0.948000	0.584089	8.808218	-1.285575	-0.944000	-0.341575	6.868910	11413.777876
749006850752.000000 0.009732 4.014983	2.000000	1.337849	0.662151	11.175643	1.532089	0.948000	0.584089	8.831040	-1.285575	-0.944000	-0.341575	6.882256	11413.777876
749006868714.000000 0.008645 4.023625	2.000000	1.337849	0.662151	11.198675	1.532089	0.948000	0.584089	8.851356	-1.285575	-0.944000	-0.341575	6.894137	11413.777876
749006884700.000000 0.007694 4.031318	2.000000	1.337849	0.662151	11.219213	1.532089	0.948000	0.584089	8.869473	-1.285575	-0.944000	-0.341575	6.904732	11413.777876
749006900374.000000 0.007544 4.038860	2.000000	1.337849	0.662151	11.239389	1.532089	0.948000	0.584089	8.887270	-1.285575	-0.944000	-0.341575	6.915140	11413.777876
749006917022.000000 0.008012 4.046870	2.000000	1.337849	0.662151	11.260859	1.532089	0.948000	0.584089	8.906209	-1.285575	-0.944000	-0.341575	6.926215	11413.777876
749006937118.000000 0.009672 4.056541	2.000000	1.337849	0.662151	11.286838	1.532089	0.948000	0.584089	8.929126	-1.285575	-0.944000	-0.341575	6.939617	11413.777876
749006977855.000000 0.019605 4.076144	2.000000	1.337849	0.662151	11.339752	1.532089	0.948000	0.584089	8.975801	-1.285575	-0.944000	-0.341575	6.966913	11413.777876
749007015845.000000 0.018282 4.094424	2.000000	1.398660	0.601340	11.384766	1.532089	0.991000	0.541089	9.016305	-1.285575	-0.987000	-0.298575	6.989263	9603.086554
749007036374.000000 0.009880 4.104302	2.000000	1.398660	0.601340	11.409151	1.532089	0.991000	0.541089	9.038247	-1.285575	-0.987000	-0.298575	7.001371	9603.086554
749007051510.000000 0.007285 4.111585	2.000000	1.398660	0.601340	11.427164	1.532089	0.991000	0.541089	9.054455	-1.285575	-0.987000	-0.298575	7.010314	9603.086554
749007070949.000000 0.009355 4.120942	2.000000	1.398660	0.601340	11.450347	1.532089	0.991000	0.541089	9.075315	-1.285575	-0.987000	-0.298575	7.021825	9603.086554
749007097099.000000 0.012585 4.133523	2.000000	1.398660	0.601340	11.481629	1.532089	0.991000	0.541089	9.103463	-1.285575	-0.987000	-0.298575	7.037357	9603.086554
749007123421.000000 0.012668 4.146189	2.000000	1.398660	0.601340	11.513215	1.532089	0.991000	0.541089	9.131884	-1.285575	-0.987000	-0.298575	7.053040	9603.086554
749007149285.000000 0.012448 4.158634	2.000000	1.398660	0.601340	11.544344	1.532089	0.991000	0.541089	9.159894	-1.285575	-0.987000	-0.298575	7.068496	9603.086554
749007175817.000000 0.012769 4.171402	2.000000	1.398660	0.601340	11.576375	1.532089	0.991000	0.541089	9.188716	-1.285575	-0.987000	-0.298575	7.084400	9603.086554
749007209280.000000 0.016111 4.187511	2.000000	1.458057	0.541943	11.612938	1.532089	1.033000	0.499089	9.222387	-1.285575	-1.029000	-0.256575	7.101710	7834.504021
749007241485.000000 0.015499 4.203001	2.000000	1.458057	0.541943	11.648242	1.532089	1.033000	0.499089	9.254900	-1.285575	-1.029000	-0.256575	7.118424	7834.504021
749007259651.000000 0.008744 4.211742	2.000000	1.458057	0.541943	11.668200	1.532089	1.033000	0.499089	9.273279	-1.285575	-1.029000	-0.256575	7.127873	7834.504021
749007280664.000000 0.010113 4.221852	2.000000	1.458057	0.541943	11.691339	1.532089	1.033000	0.499089	9.294589	-1.285575	-1.029000	-0.256575	7.138828	7834.504021
749007300953.000000 0.009765 4.231615	2.000000	1.458057	0.541943	11.713732	1.532089	1.033000	0.499089	9.315211	-1.285575	-1.029000	-0.256575	7.149430	7834.504021
749007319556.000000 0.008954 4.240568	2.000000	1.458057	0.541943	11.734310	1.532089	1.033000	0.499089	9.334162	-1.285575	-1.029000	-0.256575	7.159172	7834.504021
749007335708.000000 0.007774 4.248339	2.000000	1.458057	0.541943	11.752209	1.532089	1.033000	0.499089	9.350645	-1.285575	-1.029000	-0.256575	7.167646	7834.504021
749007351783.000000 0.007737 4.256073	2.000000	1.458057	0.541943	11.770054	1.532089	1.033000	0.499089	9.367079	-1.285575	-1.029000	-0.256575	7.176094	7834.504021
749007368647.000000 0.008117 4.264188	2.000000	1.458057	0.541943	11.788811	1.532089	1.033000	0.499089	9.384353	-1.285575	-1.029000	-0.256575	7.184975	7834.504021
749007389774.000000 0.010168 4.274355	2.000000	1.458057	0.541943	11.812365	1.532089	1.033000	0.499089	9.406045	-1.285575	-1.029000	-0.256575	7.196126	7834.504021
749007407590.000000 0.008574 4.282927	2.000000	1.518868	0.481132	11.830034	1.532089	1.076000	0.456089	9.422794	-1.285575	-1.072000	-0.213575	7.203969	6023.812100
749007430929.000000 0.011232 4.294158	2.000000	1.518868	0.481132	11.853241	1.532089	1.076000	0.456089	9.444793	-1.285575	-1.072000	-0.213575	7.214271	6023.812100
749007447583.000000 0.008016 4.302172	2.000000	1.518868	0.481132	11.869832	1.532089	1.076000	0.456089	9.460521	-1.285575	-1.072000	-0.213575	7.221636	6023.812100
749007464179.000000 0.007988 4.310158	2.000000	1.518868	0.481132	11.886397	1.532089	1.076000	0.456089	9.476223	-1.285575	-1.072000	-0.213575	7.228989	6023.812100
749007483089.000000 0.009102 4.319258	2.000000	1.518868	0.481132	11.905312	1.532089	1.076000	0.456089	9.494154	-1.285575	-1.072000	-0.213575	7.237385	6023.812100
749007498067.000000 0.007209 4.326464	2.000000	1.518868	0.481132	11.920317	1.532089	1.076000	0.456089	9.508378	-1.285575	-1.072000	-0.213575	7.244046	6023.812100
749007512263.000000 0.006833 4.333295	2.000000	1.518868	0.481132	11.934563	1.532089	1.076000	0.456089	9.521883	-1.285575	-1.072000	-0.213575	7.250370	6023.812100
749007527336.000000 0.007254 4.340548	2.000000	1.518868	0.481132	11.949713	1.532089	1.076000	0.456089	9.536244	-1.285575	-1.072000	-0.213575	7.257095	6023.812100
749007542556.000000 0.007326 4.347873	2.000000	1.518868	0.481132	11.965038	1.532089	1.076000	0.456089	9.550771	-1.285575	-1.072000	-0.213575	7.263898	6023.812100
749007557376.000000 0.007133 4.355004	2.000000	1.518868	0.481132	11.979984	1.532089	1.076000	0.456089	9.564939	-1.285575	-1.072000	-0.213575	7.270532	6023.812100
749007572538.000000 0.007297 4.362299	2.000000	1.518868	0.481132	11.995300	1.532089	1.076000	0.456089	9.579458	-1.285575	-1.072000	-0.213575	7.277331	6023.812100
749007587823.000000 0.007357 4.369654	2.000000	1.518868	0.481132	12.010767	1.532089	1.076000	0.456089	9.594120	-1.285575	-1.072000	-0.213575	7.284197	6023.812100
749007600823.000000 0.006257 4.375909	2.000000	1.518868	0.481132	12.023941	1.532089	1.076000	0.456089	9.606608	-1.285575	-1.072000	-0.213575	7.290045	6023.812100
749007612441.000000 0.005592 4.381499	2.000000	1.578971	0.421029	12.034256	1.532089	1.118000	0.414089	9.616753	-1.285575	-1.115000	-0.170575	7.294224	6023.812100
749007624386.000000 0.005749 4.387247	2.000000	1.578971	0.421029	12.044876	1.532089	1.118000	0.414089	9.627198	-1.285575	-1.115000	-0.170575	7.298526	4234.207488
749007637934.000000 0.006522 4.393768	2.000000	1.578971	0.421029	12.056940	1.532089	1.118000	0.414089	9.639064	-1.285575	-1.115000	-0.170575	7.303414	4234.207488
749007649215.000000 0.005430 4.399195	2.000000	1.578971	0.421029	12.066997	1.532089	1.118000	0.414089	9.648955	-1.285575	-1.115000	-0.170575	7.307489	4234.207488
749007660961.000000 0.005654 4.404847	2.000000	1.578971	0.421029	12.077483	1.532089	1.118000	0.414089	9.659268	-1.285575	-1.115000	-0.170575	7.311737	4234.207488
749007673170.000000 0.005877 4.410723	2.000000	1.578971	0.421029	12.088396	1.532089	1.118000	0.414089	9.670001	-1.285575	-1.115000	-0.170575	7.316158	4234.207488
749007688026.000000 0.007151 4.417872	2.000000	1.578971	0.421029	12.101697	1.532089	1.118000	0.414089	9.683082	-1.285575	-1.115000	-0.170575	7.321547	4234.207488
749007700470.000000 0.005989 4.423858	2.000000	1.578971	0.421029	12.112852	1.532089	1.118000	0.414089	9.694054	-1.285575	-1.115000	-0.170575	7.326066	4234.207488
749007714558.000000 0.006781 4.430638	2.000000	1.578971	0.421029	12.125502	1.532089	1.118000	0.414089	9.706495	-1.285575	-1.115000	-0.170575	7.331191	4234.207488
749007726180.000000 0.005593 4.436230	2.000000	1.578971	0.421029	12.135949	1.532089	1.118000	0.414089	9.716770	-1.285575	-1.115000	-0.170575	7.335424	4234.207488
749007737839.000000 0.005612 4.441841	2.000000	1.578971	0.421029	12.146445	1.532089	1.118000	0.414089	9.727092	-1.285575	-1.115000	-0.170575	7.339676	4234.207488
749007750641.000000 0.006162 4.448001	2.000000	1.578971	0.421029	12.157985	1.532089	1.118000	0.414089	9.738442	-1.285575	-1.115000	-0.170575	7.344351	4234.207488
749007763109.000000 0.006001 4.454001	2.000000	1.578971	0.421029	12.169239	1.532089	1.118000	0.414089	9.749511	-1.285575	-1.115000	-0.170575	7.348911	4234.207488
749007777377.000000 0.006868 4.460866	2.000000	1.578971	0.421029	12.182137	1.532089	1.118000	0.414089	9.762197	-1.285575	-1.115000	-0.170575	7.354136	4234.207488
749007791182.000000 0.006645 4.467509	2.000000	1.578971	0.421029	12.194636	1.532089	1.118000	0.414089	9.774489	-1.285575	-1.115000	-0.170575	7.359200	4234.207488
749007803180.000000 0.005775 4.473282	2.000000	1.578971	0.421029	12.205512	1.532089	1.118000	0.414089	9.785186	-1.285575	-1.115000	-0.170575	7.363606	4234.207488
749007815333.000000 0.005849 4.479129	2.000000	1.578971	0.421029	12.216542	1.532089	1.118000	0.414089	9.796034	-1.285575	-1.115000	-0.170575	7.368075	4234.207488
749007828277.000000 0.006230 4.485359	2.000000	1.639782	0.360218	12.226608	1.532089	1.161000	0.371089	9.806404	-1.285575	-1.158000	-0.127575	7.371640	2423.513870
749007842043.000000 0.006626 4.491984	2.000000	1.639782	0.360218	12.237330	1.532089	1.161000	0.371089	9.817450	-1.285575	-1.158000	-0.127575	7.375437	2423.513870
749007856336.000000 0.006880 4.498861	2.000000	1.639782	0.360218	12.248479	1.532089	1.161000	0.371089	9.828935	-1.285575	-1.158000	-0.127575	7.379386	2423.513870
749007876299.000000 0.009608 4.508467	2.000000	1.639782	0.360218	12.264083	1.532089	1.161000	0.371089	9.845010	-1.285575	-1.158000	-0.127575	7.384912	2423.513870
749007891877.000000 0.007498 4.515963	2.000000	1.639782	0.360218	12.276281	1.532089	1.161000	0.371089	9.857576	-1.285575	-1.158000	-0.127575	7.389232	2423.513870
749007906021.000000 0.006808 4.522769	2.000000	1.639782	0.360218	12.287372	1.532089	1.161000	0.371089	9.869002	-1.285575	-1.158000	-0.127575	7.393160	2423.513870
749007920793.000000 0.007110 4.529876	2.000000	1.639782	0.360218	12.298973	1.532089	1.161000	0.371089	9.880953	-1.285575	-1.158000	-0.127575	7.397269	2423.513870
749007933779.000000 0.006250 4.536124	2.000000	1.639782	0.360218	12.309186	1.532089	1.161000	0.371089	9.891474	-1.285575	-1.158000	-0.127575	7.400886	2423.513870
749007947813.000000 0.006755 4.542879	2.000000	1.639782	0.360218	12.320240	1.532089	1.161000	0.371089	9.902861	-1.285575	-1.158000	-0.127575	7.404801	2423.513870
749007962913.000000 0.007268 4.550145	2.000000	1.639782	0.360218	12.332152	1.532089	1.161000	0.371089	9.915133	-1.285575	-1.158000	-0.127575	7.409020	2423.513870
749007975853.000000 0.006228 4.556370	2.000000	1.639782	0.360218	12.342374	1.532089	1.161000	0.371089	9.925664	-1.285575	-1.158000	-0.127575	7.412640	2423.513870
749007987336.000000 0.005526 4.561895	2.000000	1.639782	0.360218	12.351456	1.532089	1.161000	0.371089	9.935020	-1.285575	-1.158000	-0.127575	7.415856	2423.513870
749007999518.000000 0.005863 4.567757	2.000000	1.639782	0.360218	12.361103	1.532089	1.161000	0.371089	9.944958	-1.285575	-1.158000	-0.127575	7.419273	2423.513870
749008011145.000000 0.005596 4.573353	2.000000	1.639782	0.360218	12.370323	1.532089	1.161000	0.371089	9.954456	-1.285575	-1.158000	-0.127575	7.422538	2423.513870
749008023487.000000 0.005940 4.579292	2.000000	1.639782	0.360218	12.380121	1.532089	1.161000	0.371089	9.964550	-1.285575	-1.158000	-0.127575	7.426008	2423.513870
749008035666.000000 0.005862 4.585153	2.000000	1.699885	0.300115	12.388188	1.532089	1.203000	0.329089	9.973396	-1.285575	-1.201000	-0.084575	7.428282	633.896613
749008053154.000000 0.008417 4.593568	2.000000	1.699885	0.300115	12.399793	1.532089	1.203000	0.329089	9.986121	-1.285575	-1.201000	-0.084575	7.431552	633.896613
749008066600.000000 0.006473 4.600039	2.000000	1.699885	0.300115	12.408728	1.532089	1.203000	0.329089	9.995919	-1.285575	-1.201000	-0.084575	7.434070	633.896613
749008079619.000000 0.006266 4.606302	2.000000	1.699885	0.300115	12.417391	1.532089	1.203000	0.329089	10.005418	-1.285575	-1.201000	-0.084575	7.436511	633.896613
749008092010.000000 0.005963 4.612264	2.000000	1.699885	0.300115	12.425645	1.532089	1.203000	0.329089	10.014469	-1.285575	-1.201000	-0.084575	7.438837	633.896613
749008105082.000000 0.006292 4.618555	2.000000	1.699885	0.300115	12.434367	1.532089	1.203000	0.329089	10.024033	-1.285575	-1.201000	-0.084575	7.441295	633.896613
749008118376.000000 0.006399 4.624952	2.000000	1.699885	0.300115	12.443248	1.532089	1.203000	0.329089	10.033772	-1.285575	-1.201000	-0.084575	7.443798	633.896613
749008133398.000000 0.007230 4.632180	2.000000	1.699885	0.300115	12.453300	1.532089	1.203000	0.329089	10.044794	-1.285575	-1.201000	-0.084575	7.446631	633.896613
749008146893.000000 0.006495 4.638673	2.000000	1.699885	0.300115	12.462342	1.532089	1.203000	0.329089	10.054709	-1.285575	-1.201000	-0.084575	7.449179	633.896613
749008158430.000000 0.005553 4.644225	2.000000	1.699885	0.300115	12.470082	1.532089	1.203000	0.329089	10.063197	-1.285575	-1.201000	-0.084575	7.451360	633.896613
749008169779.000000 0.005462 4.649686	2.000000	1.699885	0.300115	12.477705	1.532089	1.203000	0.329089	10.071555	-1.285575	-1.201000	-0.084575	7.453508	633.896613
749008181302.000000 0.005546 4.655230	2.000000	1.699885	0.300115	12.485454	1.532089	1.203000	0.329089	10.080052	-1.285575	-1.201000	-0.084575	7.455692	633.896613
749008192732.000000 0.005501 4.660731	2.000000	1.699885	0.300115	12.493149	1.532089	1.203000	0.329089	10.088490	-1.285575	-1.201000	-0.084575	7.457861	633.896613
749008205625.000000 0.006205 4.666935	2.000000	1.699885	0.300115	12.501840	1.532089	1.203000	0.329089	10.098020	-1.285575	-1.201000	-0.084575	7.460310	633.896613
749008219071.000000 0.006472 4.673406	2.000000	1.699885	0.300115	12.510917	1.532089	1.203000	0.329089	10.107973	-1.285575	-1.201000	-0.084575	7.462868	633.896613
749008233289.000000 0.006844 4.680247	2.000000	1.699885	0.300115	12.520529	1.532089	1.203000	0.329089	10.118514	-1.285575	-1.201000	-0.084575	7.465577	633.896613
749008245621.000000 0.005936 4.686181	2.000000	1.760696	0.239304	12.527186	1.532089	1.246000	0.286089	10.126471	-1.285575	-1.244000	-0.041575	7.466733	-1176.797975
749008259435.000000 0.006648 4.692827	2.000000	1.760696	0.239304	12.534652	1.532089	1.246000	0.286089	10.135397	-1.285575	-1.244000	-0.041575	7.468030	-1176.797975
749008271699.000000 0.005903 4.698730	2.000000	1.760696	0.239304	12.541289	1.532089	1.246000	0.286089	10.143332	-1.285575	-1.244000	-0.041575	7.469183	-1176.797975
749008283159.000000 0.005516 4.704245	2.000000	1.760696	0.239304	12.547498	1.532089	1.246000	0.286089	10.150755	-1.285575	-1.244000	-0.041575	7.470262	-1176.797975
749008294527.000000 0.005471 4.709713	2.000000	1.760696	0.239304	12.553665	1.532089	1.246000	0.286089	10.158127	-1.285575	-1.244000	-0.041575	7.471333	-1176.797975
749008307841.000000 0.006409 4.716122	2.000000	1.760696	0.239304	12.560898	1.532089	1.246000	0.286089	10.166774	-1.285575	-1.244000	-0.041575	7.472590	-1176.797975
749008323526.000000 0.007549 4.723669	2.000000	1.760696	0.239304	12.569431	1.532089	1.246000	0.286089	10.176977	-1.285575	-1.244000	-0.041575	7.474073	-1176.797975
749008335632.000000 0.005826 4.729493	2.000000	1.760696	0.239304	12.576026	1.532089	1.246000	0.286089	10.184860	-1.285575	-1.244000	-0.041575	7.475218	-1176.797975
749008347349.000000 0.005640 4.735132	2.000000	1.760696	0.239304	12.582416	1.532089	1.246000	0.286089	10.192500	-1.285575	-1.244000	-0.041575	7.476329	-1176.797975
749008359339.000000 0.005771 4.740901	2.000000	1.760696	0.239304	12.588964	1.532089	1.246000	0.286089	10.200327	-1.285575	-1.244000	-0.041575	7.477466	-1176.797975
749008370826.000000 0.005529 4.746428	2.000000	1.760696	0.239304	12.595244	1.532089	1.246000	0.286089	10.207835	-1.285575	-1.244000	-0.041575	7.478557	-1176.797975
749008382227.000000 0.005488 4.751915	2.000000	1.760696	0.239304	12.601484	1.532089	1.246000	0.286089	10.215295	-1.285575	-1.244000	-0.041575	7.479641	-1176.797975
749008395903.000000 0.006583 4.758496	2.000000	1.760696	0.239304	12.608980	1.532089	1.246000	0.286089	10.224257	-1.285575	-1.244000	-0.041575	7.480944	-1176.797975
749008410658.000000 0.007101 4.765596	2.000000	1.760696	0.239304	12.617078	1.532089	1.246000	0.286089	10.233939	-1.285575	-1.244000	-0.041575	7.482351	-1176.797975
749008423345.000000 0.006106 4.771700	2.000000	1.760696	0.239304	12.624051	1.532089	1.246000	0.286089	10.242275	-1.285575	-1.244000	-0.041575	7.483562	-1176.797975
749008435927.000000 0.006056 4.777754	2.000000	1.760696	0.239304	12.630975	1.532089	1.246000	0.286089	10.250553	-1.285575	-1.244000	-0.041575	7.484765	-1176.797975
749008447509.000000 0.005575 4.783328	2.000000	1.820800	0.179200	12.635754	1.532089	1.288000	0.244089	10.257061	-1.285575	-1.287000	0.001425	7.484803	29315.407688
749008461438.000000 0.006704 4.790031	2.000000	1.820800	0.179200	12.641509	1.532089	1.288000	0.244089	10.264900	-1.285575	-1.287000	0.001425	7.484849	27268.248793
749008473411.000000 0.005763 4.795791	2.000000	1.820800	0.179200	12.646461	1.532089	1.288000	0.244089	10.271646	-1.285575	-1.287000	0.001425	7.484888	28920.246570
749008484796.000000 0.005480 4.801270	2.000000	1.820800	0.179200	12.651176	1.532089	1.288000	0.244089	10.278068	-1.285575	-1.287000	0.001425	7.484926	29524.784220
749008497550.000000 0.006140 4.807408	2.000000	1.820800	0.179200	12.656465	1.532089	1.288000	0.244089	10.285272	-1.285575	-1.287000	0.001425	7.484968	28194.251158
749008512350.000000 0.007124 4.814530	2.000000	1.820800	0.179200	12.662611	1.532089	1.288000	0.244089	10.293644	-1.285575	-1.287000	0.001425	7.485017	26676.142448
749008526046.000000 0.006593 4.821120	2.000000	1.820800	0.179200	12.668307	1.532089	1.288000	0.244089	10.301402	-1.285575	-1.287000	0.001425	7.485062	27446.135121
749008539915.000000 0.006676 4.827794	2.000000	1.820800	0.179200	12.674083	1.532089	1.288000	0.244089	10.309269	-1.285575	-1.287000	0.001425	7.485108	27311.045560
749008554511.000000 0.007025 4.834816	2.000000	1.820800	0.179200	12.680169	1.532089	1.288000	0.244089	10.317560	-1.285575	-1.287000	0.001425	7.485156	26808.486220
749008566870.000000 0.005948 4.840763	2.000000	1.820800	0.179200	12.685329	1.532089	1.288000	0.244089	10.324589	-1.285575	-1.287000	0.001425	7.485197	28554.658469
749008578041.000000 0.005377 4.846138	2.000000	1.820800	0.179200	12.689999	1.532089	1.288000	0.244089	10.330949	-1.285575	-1.287000	0.001425	7.485234	29760.594602
749008589361.000000 0.005448 4.851585	2.000000	1.820800	0.179200	12.694735	1.532089	1.288000	0.244089	10.337400	-1.285575	-1.287000	0.001425	7.485272	29589.084286
749008600856.000000 0.005533 4.857117	2.000000	1.820800	0.179200	12.699551	1.532089	1.288000	0.244089	10.343960	-1.285575	-1.287000	0.001425	7.485310	29399.513031
749008612410.000000 0.005561 4.862676	2.000000	1.820800	0.179200	12.704397	1.532089	1.288000	0.244089	10.350561	-1.285575	-1.287000	0.001425	7.485349	29337.883964
749008624379.000000 0.005761 4.868435	2.000000	1.820800	0.179200	12.709423	1.532089	1.288000	0.244089	10.357406	-1.285575	-1.287000	0.001425	7.485389	28916.682635
749008637162.000000 0.006153 4.874587	2.000000	1.820800	0.179200	12.714798	1.532089	1.288000	0.244089	10.364727	-1.285575	-1.287000	0.001425	7.485431	28170.186594
749008649602.000000 0.005987 4.880573	2.000000	1.820800	0.179200	12.720034	1.532089	1.288000	0.244089	10.371860	-1.285575	-1.287000	0.001425	7.485473	28480.821060
749008661623.000000 0.005786 4.886357	2.000000	1.881611	0.118389	12.723381	1.532089	1.331000	0.201089	10.377545	-1.285575	-1.330000	0.044425	7.486729	35575.905091
749008675298.000000 0.006581 4.892938	2.000000	1.881611	0.118389	12.727194	1.532089	1.331000	0.201089	10.384021	-1.285575	-1.330000	0.044425	7.488160	35572.167178
749008686568.000000 0.005424 4.898361	2.000000	1.881611	0.118389	12.730339	1.532089	1.331000	0.201089	10.389364	-1.285575	-1.330000	0.044425	7.489340	35572.167178
749008697916.000000 0.005462 4.903821	2.000000	1.881611	0.118389	12.733510	1.532089	1.331000	0.201089	10.394750	-1.285575	-1.330000	0.044425	7.490530	35572.167178
749008709163.000000 0.005413 4.909233	2.000000	1.881611	0.118389	12.736657	1.532089	1.331000	0.201089	10.400094	-1.285575	-1.330000	0.044425	7.491711	35572.167178
749008721730.000000 0.006049 4.915281	2.000000	1.881611	0.118389	12.740177	1.532089	1.331000	0.201089	10.406073	-1.285575	-1.330000	0.044425	7.493031	35572.167178
749008739671.000000 0.008635 4.923914	2.000000	1.881611	0.118389	12.745210	1.532089	1.331000	0.201089	10.414623	-1.285575	-1.330000	0.044425	7.494920	35572.167178
749008761616.000000 0.010562 4.934475	2.000000	1.881611	0.118389	12.751380	1.532089	1.331000	0.201089	10.425103	-1.285575	-1.330000	0.044425	7.497236	35572.167178
749008777564.000000 0.007676 4.942149	2.000000	1.881611	0.118389	12.755872	1.532089	1.331000	0.201089	10.432731	-1.285575	-1.330000	0.044425	7.498921	35572.167178
749008795657.000000 0.008708 4.950853	2.000000	1.881611	0.118389	12.760975	1.532089	1.331000	0.201089	10.441400	-1.285575	-1.330000	0.044425	7.500836	35572.167178
749008844060.000000 0.023294 4.974147	2.000000	1.881611	0.118389	12.774692	1.532089	1.331000	0.201089	10.464700	-1.285575	-1.330000	0.044425	7.505983	35572.167178
749008868256.000000 0.011644 4.985788	2.000000	1.881611	0.118389	12.781566	1.532089	1.331000	0.201089	10.476374	-1.285575	-1.330000	0.044425	7.508562	35572.167178
749008891863.000000 0.011361 4.997148	2.000000	1.881611	0.118389	12.788287	1.532089	1.331000	0.201089	10.487791	-1.285575	-1.330000	0.044425	7.511085	35572.167178
749008915294.000000 0.011277 5.008423	2.000000	1.881611	0.118389	12.794974	1.532089	1.331000	0.201089	10.499148	-1.285575	-1.330000	0.044425	7.513594	35572.167178
749008939168.000000 0.011491 5.019912	2.000000	1.881611	0.118389	12.801803	1.532089	1.331000	0.201089	10.510748	-1.285575	-1.330000	0.044425	7.516156	35572.167178
749008962242.000000 0.011105 5.031015	2.000000	1.881611	0.118389	12.808417	1.532089	1.331000	0.201089	10.521983	-1.285575	-1.330000	0.044425	7.518638	35572.167178
749008985140.000000 0.011020 5.042032	2.000000	1.881611	0.118389	12.814995	1.532089	1.331000	0.201089	10.533156	-1.285575	-1.330000	0.044425	7.521107	35572.167178
749009008375.000000 0.011182 5.053212	2.000000	1.881611	0.118389	12.821685	1.532089	1.331000	0.201089	10.544519	-1.285575	-1.330000	0.044425	7.523617	35572.167178
749009031689.000000 0.011220 5.064431	2.000000	1.881611	0.118389	12.828412	1.532089	1.331000	0.201089	10.555945	-1.285575	-1.330000	0.044425	7.526141	35572.167178
749009054148.000000 0.010809 5.075237	2.000000	1.881611	0.118389	12.834906	1.532089	1.331000	0.201089	10.566976	-1.285575	-1.330000	0.044425	7.528578	35572.167178
749009077480.000000 0.011229 5.086465	2.000000	1.881611	0.118389	12.841668	1.532089	1.331000	0.201089	10.578461	-1.285575	-1.330000	0.044425	7.531116	35572.167178
749009100462.000000 0.011061 5.097524	2.000000	1.881611	0.118389	12.848343	1.532089	1.331000	0.201089	10.589799	-1.285575	-1.330000	0.044425	7.533620	35572.167178
749009123895.000000 0.011278 5.108799	2.000000	1.881611	0.118389	12.855164	1.532089	1.331000	0.201089	10.601385	-1.285575	-1.330000	0.044425	7.536180	35572.167178
