749982641806.000000 0.000002 0.000005	0.000005	0.000000	0.000005	0.000000	0.000004	0.000000	0.000004	0.000000	-0.000003	0.000000	-0.000003	0.000000	2208271.263869
749982674903.000000 0.015928 0.015933	0.015936	0.000000	0.015936	0.000004	0.012208	0.000000	0.012208	0.000003	-0.010243	0.000000	-0.010243	0.000003	-19510.452589
749982705431.000000 0.014692 0.030623	0.046555	0.000000	0.046555	0.000025	0.035664	0.000000	0.035664	0.000019	-0.029925	0.000000	-0.029925	0.000016	-17882.004953
749982741997.000000 0.017598 0.048218	0.094768	0.000000	0.094768	0.000105	0.072597	0.000000	0.072597	0.000081	-0.060916	0.000000	-0.060916	0.000068	-16414.506345
749982778818.000000 0.017720 0.065936	0.160698	0.000000	0.160698	0.000293	0.123102	0.000000	0.123102	0.000225	-0.103294	0.000000	-0.103294	0.000188	-14191.484337
749982812408.000000 0.016166 0.082100	0.242789	0.000000	0.242789	0.000615	0.185988	0.000000	0.185988	0.000471	-0.156062	0.000000	-0.156062	0.000396	-11352.533029
749982845789.000000 0.016064 0.098162	0.340941	0.000000	0.340941	0.001153	0.261176	0.000000	0.261176	0.000883	-0.219153	0.000000	-0.219153	0.000741	-8340.275762
749982878110.000000 0.015555 0.113715	0.454645	0.000000	0.454645	0.001957	0.348278	0.000000	0.348278	0.001499	-0.292240	0.000000	-0.292240	0.001258	-4753.270904
749982906771.000000 0.013794 0.127506	0.582138	0.000000	0.582138	0.002981	0.445944	0.000000	0.445944	0.002284	-0.374191	0.000000	-0.374191	0.001916	-364.809231
749982940313.000000 0.016143 0.143647	0.725771	0.000000	0.725771	0.004664	0.555973	0.000000	0.555973	0.003573	-0.466516	0.000000	-0.466516	0.002998	2941.760178
749982970774.000000 0.014660 0.158304	0.884059	0.000000	0.884059	0.006716	0.677228	0.000000	0.677228	0.005145	-0.568262	0.000000	-0.568262	0.004317	8384.137047
749983006347.000000 0.017120 0.175423	1.059464	0.000000	1.059464	0.009898	0.811597	0.000000	0.811597	0.007582	-0.681010	0.000000	-0.681010	0.006362	12464.777960
749983040760.000000 0.016561 0.191981	1.251426	0.000000	1.251426	0.013876	0.958648	0.000000	0.958648	0.010630	-0.804401	0.000000	-0.804401	0.008920	18493.102977
749983069712.000000 0.013934 0.205912	1.457317	0.000000	1.457317	0.018058	1.116370	0.000000	1.116370	0.013833	-0.936745	0.000000	-0.936745	0.011607	25727.892974
749983103028.000000 0.016034 0.221944	1.679238	0.000000	1.679238	0.024033	1.286371	0.000000	1.286371	0.018411	-1.079394	0.000000	-1.079394	0.015448	30574.970091
749983135438.000000 0.015597 0.237538	1.916753	0.000000	1.916753	0.031135	1.468318	0.000000	1.468318	0.023851	-1.232065	0.000000	-1.232065	0.020013	37940.507003
749983171601.000000 0.017403 0.254939	2.000000	-0.003000	2.003000	0.040022	1.532089	-0.003000	1.535089	0.030662	-1.285575	0.000000	-1.285575	0.025717	38150.630529
749983207054.000000 0.017062 0.271999	2.000000	-0.003000	2.003000	0.049317	1.532089	-0.003000	1.535089	0.037786	-1.285575	0.000000	-1.285575	0.031683	36311.474270
749983237311.000000 0.014562 0.286559	2.000000	-0.003000	2.003000	0.057675	1.532089	-0.003000	1.535089	0.044191	-1.285575	0.000000	-1.285575	0.037047	36248.253963
749983270700.000000 0.016069 0.302626	2.000000	-0.003000	2.003000	0.067416	1.532089	-0.003000	1.535089	0.051656	-1.285575	0.000000	-1.285575	0.043299	35387.972383
749983306448.000000 0.017204 0.319827	2.000000	-0.003000	2.003000	0.078437	1.532089	-0.003000	1.535089	0.060102	-1.285575	0.000000	-1.285575	0.050373	34478.792655
749983337287.000000 0.014841 0.334667	2.000000	-0.003000	2.003000	0.088385	1.532089	-0.003000	1.535089	0.067727	-1.285575	0.000000	-1.285575	0.056758	33527.428408
749983376313.000000 0.018781 0.353446	2.000000	-0.009000	2.009000	0.101721	1.532089	-0.009000	1.541089	0.077957	-1.285575	0.000000	-1.285575	0.065292	30697.038976
749983411799.000000 0.017078 0.370521	2.000000	-0.009000	2.009000	0.114433	1.532089	-0.009000	1.541089	0.087708	-1.285575	0.000000	-1.285575	0.073426	29643.751492
749983443897.000000 0.015447 0.385966	2.000000	-0.009000	2.009000	0.126411	1.532089	-0.009000	1.541089	0.096896	-1.285575	0.000000	-1.285575	0.081091	28546.557309
749983474432.000000 0.014696 0.400660	2.000000	-0.009000	2.009000	0.138240	1.532089	-0.009000	1.541089	0.105970	-1.285575	0.000000	-1.285575	0.088660	27407.593080
749983504414.000000 0.014429 0.415086	2.000000	-0.009000	2.009000	0.150272	1.532089	-0.009000	1.541089	0.115200	-1.285575	0.000000	-1.285575	0.096360	26227.617986
749983528456.000000 0.011571 0.426656	2.000000	-0.009000	2.009000	0.160190	1.532089	-0.009000	1.541089	0.122808	-1.285575	0.000000	-1.285575	0.102706	25014.754588
749983544395.000000 0.007672 0.434325	2.000000	-0.009000	2.009000	0.166884	1.532089	-0.009000	1.541089	0.127943	-1.285575	0.000000	-1.285575	0.106990	23780.089678
749983562183.000000 0.008561 0.442884	2.000000	-0.009000	2.009000	0.174502	1.532089	-0.009000	1.541089	0.133786	-1.285575	0.000000	-1.285575	0.111864	22521.092648
749983577474.000000 0.007360 0.450243	2.000000	-0.009000	2.009000	0.181159	1.532089	-0.009000	1.541089	0.138893	-1.285575	0.000000	-1.285575	0.116125	21241.177765
749983602032.000000 0.011819 0.462060	2.000000	-0.018000	2.018000	0.192180	1.532089	-0.018000	1.550089	0.147359	-1.285575	0.000000	-1.285575	0.123145	38482.447720
749983621219.000000 0.009236 0.471293	2.000000	-0.018000	2.018000	0.200964	1.532089	-0.018000	1.550089	0.154106	-1.285575	0.000000	-1.285575	0.128741	36991.631116
749983642834.000000 0.010403 0.481694	2.000000	-0.018000	2.018000	0.211076	1.532089	-0.018000	1.550089	0.161874	-1.285575	0.000000	-1.285575	0.135183	35467.913709
749983668497.000000 0.012351 0.494043	2.000000	-0.018000	2.018000	0.223390	1.532089	-0.018000	1.550089	0.171332	-1.285575	0.000000	-1.285575	0.143028	33905.135445
749983693670.000000 0.012115 0.506156	2.000000	-0.018000	2.018000	0.235765	1.532089	-0.018000	1.550089	0.180837	-1.285575	0.000000	-1.285575	0.150911	32304.040646
749983718589.000000 0.011993 0.518146	2.000000	-0.018000	2.018000	0.248305	1.532089	-0.018000	1.550089	0.190470	-1.285575	0.000000	-1.285575	0.158900	30665.017453
749983743437.000000 0.011959 0.530103	2.000000	-0.018000	2.018000	0.261098	1.532089	-0.018000	1.550089	0.200297	-1.285575	0.000000	-1.285575	0.167050	28988.170894
749983771121.000000 0.013324 0.543424	2.000000	-0.018000	2.018000	0.275709	1.532089	-0.018000	1.550089	0.211520	-1.285575	0.000000	-1.285575	0.176358	27269.185735
749983797793.000000 0.012837 0.556259	2.000000	-0.024021	2.024021	0.290162	1.532089	-0.024000	1.556089	0.222632	-1.285575	0.001000	-1.286575	0.185545	-1036.415257
749983822462.000000 0.011872 0.568128	2.000000	-0.024021	2.024021	0.303814	1.532089	-0.024000	1.556089	0.233128	-1.285575	0.001000	-1.286575	0.194223	-2651.446672
749983840760.000000 0.008807 0.576934	2.000000	-0.024021	2.024021	0.314099	1.532089	-0.024000	1.556089	0.241034	-1.285575	0.001000	-1.286575	0.200760	-4291.509201
749983858741.000000 0.008654 0.585586	2.000000	-0.024021	2.024021	0.324356	1.532089	-0.024000	1.556089	0.248920	-1.285575	0.001000	-1.286575	0.207281	-5956.167853
749983880137.000000 0.010298 0.595881	2.000000	-0.024021	2.024021	0.336776	1.532089	-0.024000	1.556089	0.258469	-1.285575	0.001000	-1.286575	0.215175	-7650.092622
749983898344.000000 0.008763 0.604642	2.000000	-0.024021	2.024021	0.347500	1.532089	-0.024000	1.556089	0.266713	-1.285575	0.001000	-1.286575	0.221992	-9368.922658
749983916791.000000 0.008879 0.613519	2.000000	-0.024021	2.024021	0.358525	1.532089	-0.024000	1.556089	0.275190	-1.285575	0.001000	-1.286575	0.229000	-11112.987624
749983934825.000000 0.008680 0.622197	2.000000	-0.024021	2.024021	0.369456	1.532089	-0.024000	1.556089	0.283594	-1.285575	0.001000	-1.286575	0.235949	-12881.721211
749983952425.000000 0.008470 0.630665	2.000000	-0.024021	2.024021	0.380269	1.532089	-0.024000	1.556089	0.291906	-1.285575	0.001000	-1.286575	0.242822	-14674.528386
749983973075.000000 0.009939 0.640604	2.000000	-0.024021	2.024021	0.393155	1.532089	-0.024000	1.556089	0.301814	-1.285575	0.001000	-1.286575	0.251013	-16495.586699
749983992185.000000 0.009198 0.649798	2.000000	-0.024021	2.024021	0.405252	1.532089	-0.024000	1.556089	0.311114	-1.285575	0.001000	-1.286575	0.258702	-18342.781385
749984014890.000000 0.010928 0.660725	2.000000	-0.027019	2.027019	0.419888	1.532089	-0.027000	1.559089	0.322371	-1.285575	0.001000	-1.286575	0.267992	6536.310355
749984036771.000000 0.010531 0.671254	2.000000	-0.027019	2.027019	0.434217	1.532089	-0.027000	1.559089	0.333393	-1.285575	0.001000	-1.286575	0.277087	4412.970289
749984054613.000000 0.008587 0.679838	2.000000	-0.027019	2.027019	0.446051	1.532089	-0.027000	1.559089	0.342495	-1.285575	0.001000	-1.286575	0.284598	2262.476977
749984075967.000000 0.010277 0.690113	2.000000	-0.027019	2.027019	0.460427	1.532089	-0.027000	1.559089	0.353552	-1.285575	0.001000	-1.286575	0.293723	79.478615
749984093437.000000 0.008409 0.698521	2.000000	-0.027019	2.027019	0.472334	1.532089	-0.027000	1.559089	0.362710	-1.285575	0.001000	-1.286575	0.301280	-2130.115895
749984112286.000000 0.009072 0.707590	2.000000	-0.027019	2.027019	0.485346	1.532089	-0.027000	1.559089	0.372719	-1.285575	0.001000	-1.286575	0.309539	-4368.397958
749984130177.000000 0.008611 0.716199	2.000000	-0.027019	2.027019	0.497847	1.532089	-0.027000	1.559089	0.382334	-1.285575	0.001000	-1.286575	0.317474	-6633.910896
749984151479.000000 0.010252 0.726449	2.000000	-0.027019	2.027019	0.512944	1.532089	-0.027000	1.559089	0.393946	-1.285575	0.001000	-1.286575	0.327056	-8931.846688
749984168704.000000 0.008291 0.734738	2.000000	-0.027019	2.027019	0.525292	1.532089	-0.027000	1.559089	0.403443	-1.285575	0.001000	-1.286575	0.334893	-11256.002663
749984184816.000000 0.007754 0.742490	2.000000	-0.027019	2.027019	0.536962	1.532089	-0.027000	1.559089	0.412420	-1.285575	0.001000	-1.286575	0.342301	-13604.681648
749984199406.000000 0.007022 0.749511	2.000000	-0.027019	2.027019	0.547631	1.532089	-0.027000	1.559089	0.420625	-1.285575	0.001000	-1.286575	0.349072	-15975.568484
749984216625.000000 0.008288 0.757796	2.000000	-0.027019	2.027019	0.560361	1.532089	-0.027000	1.559089	0.430417	-1.285575	0.001000	-1.286575	0.357152	-45234.994669
749984235738.000000 0.009198 0.766993	2.000000	-0.027019	2.027019	0.574662	1.532089	-0.027000	1.559089	0.441416	-1.285575	0.001000	-1.286575	0.366229	-47415.342959
749984250379.000000 0.007048 0.774039	2.000000	-0.027019	2.027019	0.585720	1.532089	-0.027000	1.559089	0.449921	-1.285575	0.001000	-1.286575	0.373247	-49615.721337
749984264776.000000 0.006930 0.780966	2.000000	-0.027019	2.027019	0.596689	1.532089	-0.027000	1.559089	0.458359	-1.285575	0.001000	-1.286575	0.380210	-51835.790566
749984280011.000000 0.007333 0.788297	2.000000	-0.027019	2.027019	0.608407	1.532089	-0.027000	1.559089	0.467371	-1.285575	0.001000	-1.286575	0.387647	-54076.701045
749984295416.000000 0.007415 0.795710	2.000000	-0.027019	2.027019	0.620367	1.532089	-0.027000	1.559089	0.476570	-1.285575	0.001000	-1.286575	0.395238	-56338.683950
749984311099.000000 0.007548 0.803257	2.000000	-0.027019	2.027019	0.632657	1.532089	-0.027000	1.559089	0.486024	-1.285575	0.001000	-1.286575	0.403039	-58622.120922
749984326619.000000 0.007470 0.810724	2.000000	-0.027019	2.027019	0.644933	1.532089	-0.027000	1.559089	0.495466	-1.285575	0.001000	-1.286575	0.410831	-60926.784892
749984341494.000000 0.007160 0.817882	2.000000	-0.027019	2.027019	0.656803	1.532089	-0.027000	1.559089	0.504595	-1.285575	0.001000	-1.286575	0.418365	-63251.796302
749984356642.000000 0.007291 0.825171	2.000000	-0.027019	2.027019	0.668997	1.532089	-0.027000	1.559089	0.513975	-1.285575	0.001000	-1.286575	0.426105	-64736.327769
749984372751.000000 0.007754 0.832925	2.000000	-0.027019	2.027019	0.682089	1.532089	-0.027000	1.559089	0.524044	-1.285575	0.001000	-1.286575	0.434415	-64736.327769
749984388488.000000 0.007575 0.840498	2.000000	-0.027019	2.027019	0.694995	1.532089	-0.027000	1.559089	0.533971	-1.285575	0.001000	-1.286575	0.442606	-64736.327769
749984403926.000000 0.007431 0.847924	2.000000	-0.027019	2.027019	0.707766	1.532089	-0.027000	1.559089	0.543794	-1.285575	0.001000	-1.286575	0.450712	-64736.327769
749984419379.000000 0.007438 0.855360	2.000000	-0.024021	2.024021	0.720643	1.532089	-0.024000	1.556089	0.553694	-1.285575	0.001000	-1.286575	0.458897	-37744.484683
749984439404.000000 0.009638 0.864996	2.000000	-0.024021	2.024021	0.737516	1.532089	-0.024000	1.556089	0.566666	-1.285575	0.001000	-1.286575	0.469623	-37744.484683
749984455630.000000 0.007810 0.872804	2.000000	-0.024021	2.024021	0.751313	1.532089	-0.024000	1.556089	0.577273	-1.285575	0.001000	-1.286575	0.478393	-37744.484683
749984470562.000000 0.007187 0.879988	2.000000	-0.024021	2.024021	0.764114	1.532089	-0.024000	1.556089	0.587115	-1.285575	0.001000	-1.286575	0.486530	-37744.484683
749984485639.000000 0.007256 0.887243	2.000000	-0.024021	2.024021	0.777145	1.532089	-0.024000	1.556089	0.597133	-1.285575	0.001000	-1.286575	0.494813	-37744.484683
749984502132.000000 0.007938 0.895180	2.000000	-0.024021	2.024021	0.791527	1.532089	-0.024000	1.556089	0.608190	-1.285575	0.001000	-1.286575	0.503955	-37744.484683
749984517051.000000 0.007181 0.902359	2.000000	-0.024021	2.024021	0.804642	1.532089	-0.024000	1.556089	0.618273	-1.285575	0.001000	-1.286575	0.512292	-37744.484683
749984532354.000000 0.007366 0.909723	2.000000	-0.024021	2.024021	0.818204	1.532089	-0.024000	1.556089	0.628700	-1.285575	0.001000	-1.286575	0.520912	-37744.484683
749984547502.000000 0.007292 0.917012	2.000000	-0.024021	2.024021	0.831738	1.532089	-0.024000	1.556089	0.639105	-1.285575	0.001000	-1.286575	0.529515	-37744.484683
749984562874.000000 0.007400 0.924410	2.000000	-0.024021	2.024021	0.845584	1.532089	-0.024000	1.556089	0.649750	-1.285575	0.001000	-1.286575	0.538316	-37744.484683
749984577928.000000 0.007246 0.931654	2.000000	-0.024021	2.024021	0.859248	1.532089	-0.024000	1.556089	0.660255	-1.285575	0.001000	-1.286575	0.547002	-37744.484683
749984593656.000000 0.007570 0.939220	2.000000	-0.024021	2.024021	0.873638	1.532089	-0.024000	1.556089	0.671318	-1.285575	0.001000	-1.286575	0.556149	-37744.484683
749984608690.000000 0.007236 0.946454	2.000000	-0.024021	2.024021	0.887500	1.532089	-0.024000	1.556089	0.681975	-1.285575	0.001000	-1.286575	0.564960	-37744.484683
749984623349.000000 0.007056 0.953510	2.000000	-0.019000	2.019000	0.901083	1.532089	-0.019000	1.551089	0.692410	-1.285575	0.000000	-1.285575	0.573609	-64999.204321
749984639172.000000 0.007616 0.961123	2.000000	-0.019000	2.019000	0.915862	1.532089	-0.019000	1.551089	0.703764	-1.285575	0.000000	-1.285575	0.583019	-64999.204321
749984654918.000000 0.007579 0.968699	2.000000	-0.019000	2.019000	0.930684	1.532089	-0.019000	1.551089	0.715151	-1.285575	0.000000	-1.285575	0.592457	-64999.204321
749984672453.000000 0.008439 0.977137	2.000000	-0.019000	2.019000	0.947333	1.532089	-0.019000	1.551089	0.727942	-1.285575	0.000000	-1.285575	0.603059	-64999.204321
749984686858.000000 0.006933 0.984068	2.000000	-0.019000	2.019000	0.961109	1.532089	-0.019000	1.551089	0.738525	-1.285575	0.000000	-1.285575	0.611830	-64999.204321
749984702726.000000 0.007637 0.991705	2.000000	-0.019000	2.019000	0.976401	1.532089	-0.019000	1.551089	0.750273	-1.285575	0.000000	-1.285575	0.621567	-64999.204321
749984717139.000000 0.006937 0.998639	2.000000	-0.019000	2.019000	0.990389	1.532089	-0.019000	1.551089	0.761019	-1.285575	0.000000	-1.285575	0.630474	-64999.204321
749984733326.000000 0.007791 1.006428	2.000000	-0.019000	2.019000	1.006220	1.532089	-0.019000	1.551089	0.773181	-1.285575	0.000000	-1.285575	0.640554	-64999.204321
749984747723.000000 0.006930 1.013357	2.000000	-0.019000	2.019000	1.020398	1.532089	-0.019000	1.551089	0.784074	-1.285575	0.000000	-1.285575	0.649582	-64999.204321
749984762223.000000 0.006979 1.020333	2.000000	-0.019000	2.019000	1.034776	1.532089	-0.019000	1.551089	0.795119	-1.285575	0.000000	-1.285575	0.658737	-64999.204321
749984776829.000000 0.007030 1.027362	2.000000	-0.019000	2.019000	1.049358	1.532089	-0.019000	1.551089	0.806322	-1.285575	0.000000	-1.285575	0.668022	-64999.204321
749984791801.000000 0.007206 1.034566	2.000000	-0.019000	2.019000	1.064411	1.532089	-0.019000	1.551089	0.817886	-1.285575	0.000000	-1.285575	0.677606	-64999.204321
749984807648.000000 0.007627 1.042192	2.000000	-0.019000	2.019000	1.080460	1.532089	-0.019000	1.551089	0.830216	-1.285575	0.000000	-1.285575	0.687826	-64999.204321
749984822677.000000 0.007235 1.049424	2.000000	-0.019000	2.019000	1.095789	1.532089	-0.019000	1.551089	0.841992	-1.285575	0.000000	-1.285575	0.697586	-64999.204321
749984838808.000000 0.007764 1.057186	2.000000	-0.010000	2.010000	1.112287	1.532089	-0.010000	1.542089	0.854650	-1.285575	0.000000	-1.285575	0.708138	-75031.758843
749984856669.000000 0.008597 1.065781	2.000000	-0.010000	2.010000	1.130704	1.532089	-0.010000	1.542089	0.868779	-1.285575	0.000000	-1.285575	0.719917	-75031.758843
749984871995.000000 0.007377 1.073156	2.000000	-0.010000	2.010000	1.146616	1.532089	-0.010000	1.542089	0.880987	-1.285575	0.000000	-1.285575	0.730094	-75031.758843
749984886708.000000 0.007081 1.080234	2.000000	-0.010000	2.010000	1.161991	1.532089	-0.010000	1.542089	0.892783	-1.285575	0.000000	-1.285575	0.739928	-75031.758843
749984902321.000000 0.007515 1.087747	2.000000	-0.010000	2.010000	1.178421	1.532089	-0.010000	1.542089	0.905388	-1.285575	0.000000	-1.285575	0.750437	-75031.758843
749984917921.000000 0.007509 1.095255	2.000000	-0.010000	2.010000	1.194951	1.532089	-0.010000	1.542089	0.918070	-1.285575	0.000000	-1.285575	0.761009	-75031.758843
749984934083.000000 0.007779 1.103032	2.000000	-0.010000	2.010000	1.212197	1.532089	-0.010000	1.542089	0.931302	-1.285575	0.000000	-1.285575	0.772040	-75031.758843
749984948570.000000 0.006972 1.110002	2.000000	-0.010000	2.010000	1.227754	1.532089	-0.010000	1.542089	0.943237	-1.285575	0.000000	-1.285575	0.781989	-75031.758843
749984964533.000000 0.007683 1.117684	2.000000	-0.010000	2.010000	1.245014	1.532089	-0.010000	1.542089	0.956479	-1.285575	0.000000	-1.285575	0.793029	-75031.758843
749984980934.000000 0.007894 1.125577	2.000000	-0.010000	2.010000	1.262874	1.532089	-0.010000	1.542089	0.970181	-1.285575	0.000000	-1.285575	0.804452	-75031.758843
749984996473.000000 0.007479 1.133052	2.000000	-0.010000	2.010000	1.279906	1.532089	-0.010000	1.542089	0.983248	-1.285575	0.000000	-1.285575	0.815345	-75031.758843
749985012606.000000 0.007765 1.140817	2.000000	-0.010000	2.010000	1.297711	1.532089	-0.010000	1.542089	0.996909	-1.285575	0.000000	-1.285575	0.826734	-75031.758843
749985028106.000000 0.007460 1.148274	2.000000	-0.010000	2.010000	1.314930	1.532089	-0.010000	1.542089	1.010119	-1.285575	0.000000	-1.285575	0.837747	-75031.758843
749985044065.000000 0.007681 1.155954	2.000000	0.002236	1.997764	1.332669	1.532089	0.002000	1.530089	1.023705	-1.285575	0.001000	-1.286575	0.849170	-48314.994939
749985061945.000000 0.008606 1.164559	2.000000	0.002236	1.997764	1.352691	1.532089	0.002000	1.530089	1.039040	-1.285575	0.001000	-1.286575	0.862065	-48314.994939
749985077278.000000 0.007380 1.171936	2.000000	0.002236	1.997764	1.369969	1.532089	0.002000	1.530089	1.052274	-1.285575	0.001000	-1.286575	0.873192	-48314.994939
749985091497.000000 0.006844 1.178777	2.000000	0.002236	1.997764	1.386086	1.532089	0.002000	1.530089	1.064618	-1.285575	0.001000	-1.286575	0.883572	-48314.994939
749985106043.000000 0.007001 1.185777	2.000000	0.002236	1.997764	1.402672	1.532089	0.002000	1.530089	1.077321	-1.285575	0.001000	-1.286575	0.894253	-48314.994939
749985123604.000000 0.008453 1.194228	2.000000	0.002236	1.997764	1.422838	1.532089	0.002000	1.530089	1.092766	-1.285575	0.001000	-1.286575	0.907240	-48314.994939
749985138198.000000 0.007025 1.201251	2.000000	0.002236	1.997764	1.439698	1.532089	0.002000	1.530089	1.105679	-1.285575	0.001000	-1.286575	0.918098	-48314.994939
749985152587.000000 0.006926 1.208174	2.000000	0.002236	1.997764	1.456414	1.532089	0.002000	1.530089	1.118482	-1.285575	0.001000	-1.286575	0.928863	-48314.994939
749985166797.000000 0.006841 1.215013	2.000000	0.002236	1.997764	1.473019	1.532089	0.002000	1.530089	1.131199	-1.285575	0.001000	-1.286575	0.939557	-48314.994939
749985181084.000000 0.006877 1.221886	2.000000	0.002236	1.997764	1.489805	1.532089	0.002000	1.530089	1.144056	-1.285575	0.001000	-1.286575	0.950367	-48314.994939
749985195248.000000 0.006817 1.228701	2.000000	0.002236	1.997764	1.506538	1.532089	0.002000	1.530089	1.156872	-1.285575	0.001000	-1.286575	0.961144	-48314.994939
749985210294.000000 0.007242 1.235942	2.000000	0.002236	1.997764	1.524421	1.532089	0.002000	1.530089	1.170568	-1.285575	0.001000	-1.286575	0.972660	-48314.994939
749985228527.000000 0.008775 1.244715	2.000000	0.002236	1.997764	1.546242	1.532089	0.002000	1.530089	1.187281	-1.285575	0.001000	-1.286575	0.986713	-48314.994939
749985245164.000000 0.008008 1.252721	2.000000	0.017029	1.982971	1.566134	1.532089	0.017000	1.515089	1.202480	-1.285575	0.001000	-1.286575	0.999619	-75860.697372
749985260907.000000 0.007577 1.260297	2.000000	0.017029	1.982971	1.585071	1.532089	0.017000	1.515089	1.216948	-1.285575	0.001000	-1.286575	1.011906	-75860.697372
749985276994.000000 0.007743 1.268037	2.000000	0.017029	1.982971	1.604540	1.532089	0.017000	1.515089	1.231824	-1.285575	0.001000	-1.286575	1.024537	-75860.697372
749985291121.000000 0.006800 1.274836	2.000000	0.017029	1.982971	1.621731	1.532089	0.017000	1.515089	1.244958	-1.285575	0.001000	-1.286575	1.035691	-75860.697372
749985305187.000000 0.006771 1.281605	2.000000	0.017029	1.982971	1.638938	1.532089	0.017000	1.515089	1.258106	-1.285575	0.001000	-1.286575	1.046855	-75860.697372
749985321905.000000 0.008046 1.289649	2.000000	0.017029	1.982971	1.659515	1.532089	0.017000	1.515089	1.273828	-1.285575	0.001000	-1.286575	1.060206	-75860.697372
749985337076.000000 0.007302 1.296948	2.000000	0.017029	1.982971	1.678295	1.532089	0.017000	1.515089	1.288176	-1.285575	0.001000	-1.286575	1.072391	-75860.697372
749985352460.000000 0.007404 1.304351	2.000000	0.017029	1.982971	1.697446	1.532089	0.017000	1.515089	1.302808	-1.285575	0.001000	-1.286575	1.084816	-75860.697372
749985367168.000000 0.007079 1.311429	2.000000	0.017029	1.982971	1.715856	1.532089	0.017000	1.515089	1.316874	-1.285575	0.001000	-1.286575	1.096760	-75860.697372
749985381994.000000 0.007136 1.318563	2.000000	0.017029	1.982971	1.734514	1.532089	0.017000	1.515089	1.331130	-1.285575	0.001000	-1.286575	1.108866	-75860.697372
749985396549.000000 0.007005 1.325566	2.000000	0.017029	1.982971	1.752928	1.532089	0.017000	1.515089	1.345199	-1.285575	0.001000	-1.286575	1.120813	-75860.697372
749985411849.000000 0.007364 1.332928	2.000000	0.017029	1.982971	1.772391	1.532089	0.017000	1.515089	1.360070	-1.285575	0.001000	-1.286575	1.133441	-75860.697372
749985429044.000000 0.008276 1.341203	2.000000	0.017029	1.982971	1.794402	1.532089	0.017000	1.515089	1.376888	-1.285575	0.001000	-1.286575	1.147722	-75860.697372
749985443875.000000 0.007138 1.348339	2.000000	0.017029	1.982971	1.813488	1.532089	0.017000	1.515089	1.391470	-1.285575	0.001000	-1.286575	1.160105	-75860.697372
749985460341.000000 0.007926 1.356263	2.000000	0.036056	1.963944	1.834599	1.532089	0.036000	1.496089	1.407552	-1.285575	0.002000	-1.287575	1.173946	-49346.112169
749985477918.000000 0.008460 1.364720	2.000000	0.036056	1.963944	1.857273	1.532089	0.036000	1.496089	1.424825	-1.285575	0.002000	-1.287575	1.188811	-49346.112169
749985493003.000000 0.007261 1.371979	2.000000	0.036056	1.963944	1.876837	1.532089	0.036000	1.496089	1.439729	-1.285575	0.002000	-1.287575	1.201638	-49346.112169
749985507444.000000 0.006951 1.378928	2.000000	0.036056	1.963944	1.895661	1.532089	0.036000	1.496089	1.454068	-1.285575	0.002000	-1.287575	1.213979	-49346.112169
749985522316.000000 0.007158 1.386084	2.000000	0.036056	1.963944	1.915147	1.532089	0.036000	1.496089	1.468912	-1.285575	0.002000	-1.287575	1.226754	-49346.112169
749985538550.000000 0.007814 1.393896	2.000000	0.036056	1.963944	1.936537	1.532089	0.036000	1.496089	1.485207	-1.285575	0.002000	-1.287575	1.240777	-49346.112169
749985553018.000000 0.006964 1.400859	2.000000	0.036056	1.963944	1.955696	1.532089	0.036000	1.496089	1.499801	-1.285575	0.002000	-1.287575	1.253338	-49346.112169
749985567736.000000 0.007084 1.407940	2.000000	0.036056	1.963944	1.975283	1.532089	0.036000	1.496089	1.514722	-1.285575	0.002000	-1.287575	1.266179	-49346.112169
749985582761.000000 0.007232 1.415170	2.000000	0.036056	1.963944	1.995382	1.532089	0.036000	1.496089	1.530034	-1.285575	0.002000	-1.287575	1.279357	-49346.112169
749985597496.000000 0.007092 1.422260	2.000000	0.036056	1.963944	2.015192	1.532089	0.036000	1.496089	1.545124	-1.285575	0.002000	-1.287575	1.292344	-49346.112169
749985612234.000000 0.007094 1.429352	2.000000	0.036056	1.963944	2.035105	1.532089	0.036000	1.496089	1.560293	-1.285575	0.002000	-1.287575	1.305399	-49346.112169
749985627279.000000 0.007241 1.436591	2.000000	0.036056	1.963944	2.055534	1.532089	0.036000	1.496089	1.575856	-1.285575	0.002000	-1.287575	1.318793	-49346.112169
749985647989.000000 0.009967 1.446558	2.000000	0.036056	1.963944	2.083851	1.532089	0.036000	1.496089	1.597427	-1.285575	0.002000	-1.287575	1.337358	-49346.112169
749985668888.000000 0.010059 1.456615	2.000000	0.057009	1.942991	2.112320	1.532089	0.057000	1.475089	1.619040	-1.285575	0.001000	-1.286575	1.356208	-44629.657614
749985690226.000000 0.010270 1.466882	2.000000	0.057009	1.942991	2.141591	1.532089	0.057000	1.475089	1.641262	-1.285575	0.001000	-1.286575	1.375591	-44629.657614
749985708356.000000 0.008725 1.475605	2.000000	0.057009	1.942991	2.166608	1.532089	0.057000	1.475089	1.660255	-1.285575	0.001000	-1.286575	1.392156	-44629.657614
749985722751.000000 0.006929 1.482532	2.000000	0.057009	1.942991	2.186566	1.532089	0.057000	1.475089	1.675407	-1.285575	0.001000	-1.286575	1.405371	-44629.657614
749985738431.000000 0.007547 1.490077	2.000000	0.057009	1.942991	2.208415	1.532089	0.057000	1.475089	1.691994	-1.285575	0.001000	-1.286575	1.419839	-44629.657614
749985752556.000000 0.006799 1.496873	2.000000	0.057009	1.942991	2.228188	1.532089	0.057000	1.475089	1.707006	-1.285575	0.001000	-1.286575	1.432932	-44629.657614
749985768038.000000 0.007452 1.504323	2.000000	0.057009	1.942991	2.249969	1.532089	0.057000	1.475089	1.723541	-1.285575	0.001000	-1.286575	1.447354	-44629.657614
749985782467.000000 0.006946 1.511267	2.000000	0.057009	1.942991	2.270364	1.532089	0.057000	1.475089	1.739025	-1.285575	0.001000	-1.286575	1.460859	-44629.657614
749985798415.000000 0.007676 1.518941	2.000000	0.057009	1.942991	2.293018	1.532089	0.057000	1.475089	1.756223	-1.285575	0.001000	-1.286575	1.475860	-44629.657614
749985813133.000000 0.007084 1.526023	2.000000	0.057009	1.942991	2.314021	1.532089	0.057000	1.475089	1.772169	-1.285575	0.001000	-1.286575	1.489767	-44629.657614
749985827961.000000 0.007137 1.533158	2.000000	0.057009	1.942991	2.335282	1.532089	0.057000	1.475089	1.788309	-1.285575	0.001000	-1.286575	1.503845	-44629.657614
749985843727.000000 0.007588 1.540745	2.000000	0.057009	1.942991	2.357999	1.532089	0.057000	1.475089	1.805556	-1.285575	0.001000	-1.286575	1.518887	-44629.657614
749985857860.000000 0.006803 1.547545	2.000000	0.057009	1.942991	2.378453	1.532089	0.057000	1.475089	1.821084	-1.285575	0.001000	-1.286575	1.532432	-44629.657614
749985872391.000000 0.006994 1.554537	2.000000	0.081006	1.918994	2.399316	1.532089	0.081000	1.451089	1.836861	-1.285575	-0.001000	-1.284575	1.546397	-30987.522767
749985889130.000000 0.008058 1.562594	2.000000	0.081006	1.918994	2.423478	1.532089	0.081000	1.451089	1.855131	-1.285575	-0.001000	-1.284575	1.562571	-30987.522767
749985905416.000000 0.007838 1.570428	2.000000	0.081006	1.918994	2.447099	1.532089	0.081000	1.451089	1.872993	-1.285575	-0.001000	-1.284575	1.578383	-30987.522767
749985920321.000000 0.007175 1.577602	2.000000	0.081006	1.918994	2.468819	1.532089	0.081000	1.451089	1.889417	-1.285575	-0.001000	-1.284575	1.592923	-30987.522767
749985935176.000000 0.007150 1.584749	2.000000	0.081006	1.918994	2.490563	1.532089	0.081000	1.451089	1.905859	-1.285575	-0.001000	-1.284575	1.607478	-30987.522767
749985951051.000000 0.007641 1.592388	2.000000	0.081006	1.918994	2.513912	1.532089	0.081000	1.451089	1.923515	-1.285575	-0.001000	-1.284575	1.623108	-30987.522767
749985967655.000000 0.007992 1.600378	2.000000	0.081006	1.918994	2.538455	1.532089	0.081000	1.451089	1.942074	-1.285575	-0.001000	-1.284575	1.639537	-30987.522767
749985984550.000000 0.008132 1.608509	2.000000	0.081006	1.918994	2.563557	1.532089	0.081000	1.451089	1.961055	-1.285575	-0.001000	-1.284575	1.656340	-30987.522767
749986000768.000000 0.007806 1.616312	2.000000	0.081006	1.918994	2.587769	1.532089	0.081000	1.451089	1.979363	-1.285575	-0.001000	-1.284575	1.672548	-30987.522767
749986019792.000000 0.009156 1.625467	2.000000	0.081006	1.918994	2.616329	1.532089	0.081000	1.451089	2.000959	-1.285575	-0.001000	-1.284575	1.691666	-30987.522767
749986039326.000000 0.009402 1.634865	2.000000	0.081006	1.918994	2.645824	1.532089	0.081000	1.451089	2.023263	-1.285575	-0.001000	-1.284575	1.711410	-30987.522767
749986057311.000000 0.008657 1.643520	2.000000	0.081006	1.918994	2.673127	1.532089	0.081000	1.451089	2.043908	-1.285575	-0.001000	-1.284575	1.729686	-30987.522767
749986074845.000000 0.008439 1.651957	2.000000	0.108116	1.891884	2.699501	1.532089	0.108000	1.424089	2.063762	-1.285575	-0.005000	-1.280575	1.747539	-30987.522767
749986091330.000000 0.007934 1.659890	2.000000	0.108116	1.891884	2.724418	1.532089	0.108000	1.424089	2.082517	-1.285575	-0.005000	-1.280575	1.764404	-26453.771766
749986109849.000000 0.008913 1.668800	2.000000	0.108116	1.891884	2.752558	1.532089	0.108000	1.424089	2.103699	-1.285575	-0.005000	-1.280575	1.783452	-26453.771766
749986124805.000000 0.007199 1.675998	2.000000	0.108116	1.891884	2.775384	1.532089	0.108000	1.424089	2.120881	-1.285575	-0.005000	-1.280575	1.798902	-26453.771766
749986139419.000000 0.007034 1.683029	2.000000	0.108116	1.891884	2.797781	1.532089	0.108000	1.424089	2.137740	-1.285575	-0.005000	-1.280575	1.814062	-26453.771766
749986156100.000000 0.008029 1.691057	2.000000	0.108116	1.891884	2.823467	1.532089	0.108000	1.424089	2.157075	-1.285575	-0.005000	-1.280575	1.831448	-26453.771766
749986171466.000000 0.007396 1.698450	2.000000	0.108116	1.891884	2.847232	1.532089	0.108000	1.424089	2.174963	-1.285575	-0.005000	-1.280575	1.847534	-26453.771766
749986186723.000000 0.007343 1.705792	2.000000	0.108116	1.891884	2.870930	1.532089	0.108000	1.424089	2.192802	-1.285575	-0.005000	-1.280575	1.863575	-26453.771766
749986203886.000000 0.008260 1.714050	2.000000	0.108116	1.891884	2.897716	1.532089	0.108000	1.424089	2.212965	-1.285575	-0.005000	-1.280575	1.881706	-26453.771766
749986220987.000000 0.008230 1.722280	2.000000	0.108116	1.891884	2.924534	1.532089	0.108000	1.424089	2.233151	-1.285575	-0.005000	-1.280575	1.899858	-26453.771766
749986236714.000000 0.007570 1.729848	2.000000	0.108116	1.891884	2.949306	1.532089	0.108000	1.424089	2.251799	-1.285575	-0.005000	-1.280575	1.916626	-26453.771766
749986253201.000000 0.007935 1.737780	2.000000	0.108116	1.891884	2.975394	1.532089	0.108000	1.424089	2.271435	-1.285575	-0.005000	-1.280575	1.934284	-26453.771766
749986274065.000000 0.010062 1.747842	2.000000	0.108116	1.891884	3.008665	1.532089	0.108000	1.424089	2.296480	-1.285575	-0.005000	-1.280575	1.956805	-26453.771766
749986299129.000000 0.012063 1.759881	2.000000	0.137441	1.862559	3.048204	1.532089	0.137000	1.395089	2.326096	-1.285575	-0.011000	-1.274575	1.983862	-24370.746818
749986317501.000000 0.008842 1.768721	2.000000	0.137441	1.862559	3.077334	1.532089	0.137000	1.395089	2.347914	-1.285575	-0.011000	-1.274575	2.003796	-24370.746818
749986331552.000000 0.006763 1.775482	2.000000	0.137441	1.862559	3.099700	1.532089	0.137000	1.395089	2.364666	-1.285575	-0.011000	-1.274575	2.019101	-24370.746818
749986345927.000000 0.006919 1.782399	2.000000	0.137441	1.862559	3.122670	1.532089	0.137000	1.395089	2.381871	-1.285575	-0.011000	-1.274575	2.034820	-24370.746818
749986361157.000000 0.007330 1.789728	2.000000	0.137441	1.862559	3.147106	1.532089	0.137000	1.395089	2.400174	-1.285575	-0.011000	-1.274575	2.051542	-24370.746818
749986375846.000000 0.007070 1.796796	2.000000	0.137441	1.862559	3.170767	1.532089	0.137000	1.395089	2.417897	-1.285575	-0.011000	-1.274575	2.067733	-24370.746818
749986390122.000000 0.006871 1.803665	2.000000	0.137441	1.862559	3.193849	1.532089	0.137000	1.395089	2.435186	-1.285575	-0.011000	-1.274575	2.083529	-24370.746818
749986404323.000000 0.006835 1.810499	2.000000	0.137441	1.862559	3.216899	1.532089	0.137000	1.395089	2.452451	-1.285575	-0.011000	-1.274575	2.099302	-24370.746818
749986418802.000000 0.006969 1.817466	2.000000	0.137441	1.862559	3.240489	1.532089	0.137000	1.395089	2.470120	-1.285575	-0.011000	-1.274575	2.115445	-24370.746818
749986433297.000000 0.006977 1.824441	2.000000	0.137441	1.862559	3.264197	1.532089	0.137000	1.395089	2.487878	-1.285575	-0.011000	-1.274575	2.131669	-24370.746818
749986448815.000000 0.007470 1.831909	2.000000	0.137441	1.862559	3.289683	1.532089	0.137000	1.395089	2.506968	-1.285575	-0.011000	-1.274575	2.149110	-24370.746818
749986464632.000000 0.007613 1.839520	2.000000	0.137441	1.862559	3.315767	1.532089	0.137000	1.395089	2.526505	-1.285575	-0.011000	-1.274575	2.166959	-24370.746818
749986480128.000000 0.007458 1.846977	2.000000	0.137441	1.862559	3.341425	1.532089	0.137000	1.395089	2.545723	-1.285575	-0.011000	-1.274575	2.184517	-24370.746818
749986497313.000000 0.008272 1.855245	2.000000	0.170065	1.829935	3.369507	1.532089	0.169000	1.363089	2.566641	-1.285575	-0.019000	-1.266575	2.203954	-13585.737134
749986514877.000000 0.008456 1.863700	2.000000	0.170065	1.829935	3.398344	1.532089	0.169000	1.363089	2.588121	-1.285575	-0.019000	-1.266575	2.223913	-13585.737134
749986530899.000000 0.007712 1.871407	2.000000	0.170065	1.829935	3.424753	1.532089	0.169000	1.363089	2.607792	-1.285575	-0.019000	-1.266575	2.242192	-13585.737134
749986545775.000000 0.007160 1.878564	2.000000	0.170065	1.829935	3.449367	1.532089	0.169000	1.363089	2.626127	-1.285575	-0.019000	-1.266575	2.259228	-13585.737134
749986560596.000000 0.007134 1.885696	2.000000	0.170065	1.829935	3.473983	1.532089	0.169000	1.363089	2.644463	-1.285575	-0.019000	-1.266575	2.276266	-13585.737134
749986577237.000000 0.008009 1.893704	2.000000	0.170065	1.829935	3.501739	1.532089	0.169000	1.363089	2.665138	-1.285575	-0.019000	-1.266575	2.295477	-13585.737134
749986592061.000000 0.007135 1.900837	2.000000	0.170065	1.829935	3.526557	1.532089	0.169000	1.363089	2.683625	-1.285575	-0.019000	-1.266575	2.312655	-13585.737134
749986606871.000000 0.007128 1.907963	2.000000	0.170065	1.829935	3.551444	1.532089	0.169000	1.363089	2.702163	-1.285575	-0.019000	-1.266575	2.329880	-13585.737134
749986621867.000000 0.007218 1.915181	2.000000	0.170065	1.829935	3.576742	1.532089	0.169000	1.363089	2.721007	-1.285575	-0.019000	-1.266575	2.347390	-13585.737134
749986636538.000000 0.007061 1.922239	2.000000	0.170065	1.829935	3.601581	1.532089	0.169000	1.363089	2.739509	-1.285575	-0.019000	-1.266575	2.364582	-13585.737134
749986651787.000000 0.007340 1.929576	2.000000	0.170065	1.829935	3.627498	1.532089	0.169000	1.363089	2.758814	-1.285575	-0.019000	-1.266575	2.382520	-13585.737134
749986666545.000000 0.007103 1.936678	2.000000	0.170065	1.829935	3.652672	1.532089	0.169000	1.363089	2.777566	-1.285575	-0.019000	-1.266575	2.399944	-13585.737134
749986682487.000000 0.007673 1.944349	2.000000	0.170065	1.829935	3.679973	1.532089	0.169000	1.363089	2.797902	-1.285575	-0.019000	-1.266575	2.418840	-13585.737134
749986696715.000000 0.006849 1.951197	2.000000	0.206194	1.793806	3.703946	1.532089	0.204000	1.328089	2.815651	-1.285575	-0.030000	-1.255575	2.435620	-13585.737134
749986712314.000000 0.007508 1.958702	2.000000	0.206194	1.793806	3.730326	1.532089	0.204000	1.328089	2.835182	-1.285575	-0.030000	-1.255575	2.454085	-3494.526146
749986729057.000000 0.008059 1.966758	2.000000	0.206194	1.793806	3.758756	1.532089	0.204000	1.328089	2.856231	-1.285575	-0.030000	-1.255575	2.473985	-3494.526146
749986743505.000000 0.006954 1.973710	2.000000	0.206194	1.793806	3.783375	1.532089	0.204000	1.328089	2.874458	-1.285575	-0.030000	-1.255575	2.491217	-3494.526146
749986758344.000000 0.007142 1.980850	2.000000	0.206194	1.793806	3.808752	1.532089	0.204000	1.328089	2.893247	-1.285575	-0.030000	-1.255575	2.508979	-3494.526146
749986773544.000000 0.007316 1.988165	2.000000	0.206194	1.793806	3.834844	1.532089	0.204000	1.328089	2.912564	-1.285575	-0.030000	-1.255575	2.527242	-3494.526146
749986788334.000000 0.007118 1.995281	2.000000	0.206194	1.793806	3.860321	1.532089	0.204000	1.328089	2.931427	-1.285575	-0.030000	-1.255575	2.545075	-3494.526146
749986803711.000000 0.007401 2.002681	2.000000	0.206194	1.793806	3.886908	1.532089	0.204000	1.328089	2.951111	-1.285575	-0.030000	-1.255575	2.563685	-3494.526146
749986817529.000000 0.006651 2.009330	2.000000	0.206194	1.793806	3.910880	1.532089	0.204000	1.328089	2.968860	-1.285575	-0.030000	-1.255575	2.580464	-3494.526146
749986831972.000000 0.006952 2.016280	2.000000	0.206194	1.793806	3.936024	1.532089	0.204000	1.328089	2.987475	-1.285575	-0.030000	-1.255575	2.598063	-3494.526146
749986846976.000000 0.007222 2.023499	2.000000	0.206194	1.793806	3.962237	1.532089	0.204000	1.328089	3.006883	-1.285575	-0.030000	-1.255575	2.616411	-3494.526146
749986861395.000000 0.006940 2.030437	2.000000	0.206194	1.793806	3.987513	1.532089	0.204000	1.328089	3.025597	-1.285575	-0.030000	-1.255575	2.634103	-3494.526146
749986876029.000000 0.007044 2.037480	2.000000	0.206194	1.793806	4.013256	1.532089	0.204000	1.328089	3.044656	-1.285575	-0.030000	-1.255575	2.652122	-3494.526146
749986891569.000000 0.007480 2.044958	2.000000	0.206194	1.793806	4.040695	1.532089	0.204000	1.328089	3.064972	-1.285575	-0.030000	-1.255575	2.671328	-3494.526146
749986906276.000000 0.007079 2.052034	2.000000	0.244182	1.755818	4.066200	1.532089	0.240000	1.292089	3.083740	-1.285575	-0.045000	-1.240575	2.689349	-3494.526146
749986921090.000000 0.007130 2.059164	2.000000	0.244182	1.755818	4.091980	1.532089	0.240000	1.292089	3.102712	-1.285575	-0.045000	-1.240575	2.707564	5921.745311
749986939098.000000 0.008668 2.067834	2.000000	0.244182	1.755818	4.123450	1.532089	0.240000	1.292089	3.125870	-1.285575	-0.045000	-1.240575	2.729799	5921.745311
749986954051.000000 0.007197 2.075024	2.000000	0.244182	1.755818	4.149672	1.532089	0.240000	1.292089	3.145167	-1.285575	-0.045000	-1.240575	2.748326	5921.745311
749986969098.000000 0.007243 2.082265	2.000000	0.244182	1.755818	4.176153	1.532089	0.240000	1.292089	3.164653	-1.285575	-0.045000	-1.240575	2.767036	5921.745311
749986984119.000000 0.007231 2.089494	2.000000	0.244182	1.755818	4.202683	1.532089	0.240000	1.292089	3.184177	-1.285575	-0.045000	-1.240575	2.785781	5921.745311
749986999067.000000 0.007195 2.096684	2.000000	0.244182	1.755818	4.229170	1.532089	0.240000	1.292089	3.203668	-1.285575	-0.045000	-1.240575	2.804495	5921.745311
749987013536.000000 0.006964 2.103647	2.000000	0.244182	1.755818	4.254893	1.532089	0.240000	1.292089	3.222598	-1.285575	-0.045000	-1.240575	2.822670	5921.745311
749987028276.000000 0.007095 2.110740	2.000000	0.244182	1.755818	4.281187	1.532089	0.240000	1.292089	3.241947	-1.285575	-0.045000	-1.240575	2.841248	5921.745311
749987043059.000000 0.007116 2.117854	2.000000	0.244182	1.755818	4.307648	1.532089	0.240000	1.292089	3.261419	-1.285575	-0.045000	-1.240575	2.859944	5921.745311
749987057480.000000 0.006941 2.124793	2.000000	0.244182	1.755818	4.333543	1.532089	0.240000	1.292089	3.280476	-1.285575	-0.045000	-1.240575	2.878240	5921.745311
749987074694.000000 0.008286 2.133077	2.000000	0.244182	1.755818	4.364576	1.532089	0.240000	1.292089	3.303312	-1.285575	-0.045000	-1.240575	2.900166	5921.745311
749987090507.000000 0.007611 2.140686	2.000000	0.244182	1.755818	4.393185	1.532089	0.240000	1.292089	3.324365	-1.285575	-0.045000	-1.240575	2.920380	5921.745311
749987105081.000000 0.007015 2.147698	2.000000	0.244182	1.755818	4.419637	1.532089	0.240000	1.292089	3.343831	-1.285575	-0.045000	-1.240575	2.939070	5921.745311
749987121221.000000 0.007768 2.155465	2.000000	0.285049	1.714951	4.448353	1.532089	0.278000	1.254089	3.364830	-1.285575	-0.063000	-1.222575	2.959541	14662.083694
749987137676.000000 0.007920 2.163383	2.000000	0.285049	1.714951	4.477739	1.532089	0.278000	1.254089	3.386319	-1.285575	-0.063000	-1.222575	2.980490	14662.083694
749987153147.000000 0.007446 2.170826	2.000000	0.285049	1.714951	4.505459	1.532089	0.278000	1.254089	3.406590	-1.285575	-0.063000	-1.222575	3.000252	14662.083694
749987169126.000000 0.007690 2.178516	2.000000	0.285049	1.714951	4.534191	1.532089	0.278000	1.254089	3.427600	-1.285575	-0.063000	-1.222575	3.020734	14662.083694
749987184179.000000 0.007245 2.185759	2.000000	0.285049	1.714951	4.561349	1.532089	0.278000	1.254089	3.447461	-1.285575	-0.063000	-1.222575	3.040096	14662.083694
749987201216.000000 0.008200 2.193957	2.000000	0.285049	1.714951	4.592202	1.532089	0.278000	1.254089	3.470022	-1.285575	-0.063000	-1.222575	3.062090	14662.083694
749987215996.000000 0.007114 2.201069	2.000000	0.285049	1.714951	4.619055	1.532089	0.278000	1.254089	3.489659	-1.285575	-0.063000	-1.222575	3.081234	14662.083694
749987229975.000000 0.006729 2.207796	2.000000	0.285049	1.714951	4.644531	1.532089	0.278000	1.254089	3.508289	-1.285575	-0.063000	-1.222575	3.099395	14662.083694
749987244728.000000 0.007101 2.214895	2.000000	0.285049	1.714951	4.671504	1.532089	0.278000	1.254089	3.528013	-1.285575	-0.063000	-1.222575	3.118624	14662.083694
749987258560.000000 0.006658 2.221552	2.000000	0.285049	1.714951	4.696869	1.532089	0.278000	1.254089	3.546562	-1.285575	-0.063000	-1.222575	3.136706	14662.083694
749987273219.000000 0.007055 2.228604	2.000000	0.285049	1.714951	4.723834	1.532089	0.278000	1.254089	3.566280	-1.285575	-0.063000	-1.222575	3.155929	14662.083694
749987288015.000000 0.007122 2.235724	2.000000	0.285049	1.714951	4.751139	1.532089	0.278000	1.254089	3.586248	-1.285575	-0.063000	-1.222575	3.175395	14662.083694
749987303386.000000 0.007398 2.243121	2.000000	0.285049	1.714951	4.779599	1.532089	0.278000	1.254089	3.607060	-1.285575	-0.063000	-1.222575	3.195684	14662.083694
749987319405.000000 0.007710 2.250829	2.000000	0.328459	1.671541	4.808608	1.532089	0.317000	1.215089	3.628147	-1.285575	-0.086000	-1.199575	3.216502	14662.083694
749987335295.000000 0.007648 2.258475	2.000000	0.328459	1.671541	4.837480	1.532089	0.317000	1.215089	3.649135	-1.285575	-0.086000	-1.199575	3.237222	-13952.807021
749987352190.000000 0.008132 2.266605	2.000000	0.328459	1.671541	4.868289	1.532089	0.317000	1.215089	3.671531	-1.285575	-0.086000	-1.199575	3.259332	-13952.807021
749987366780.000000 0.007022 2.273625	2.000000	0.328459	1.671541	4.894976	1.532089	0.317000	1.215089	3.690930	-1.285575	-0.086000	-1.199575	3.278484	-13952.807021
749987381647.000000 0.007155 2.280779	2.000000	0.328459	1.671541	4.922255	1.532089	0.317000	1.215089	3.710760	-1.285575	-0.086000	-1.199575	3.298060	-13952.807021
749987397442.000000 0.007602 2.288386	2.000000	0.328459	1.671541	4.951335	1.532089	0.317000	1.215089	3.731899	-1.285575	-0.086000	-1.199575	3.318930	-13952.807021
749987412310.000000 0.007156 2.295534	2.000000	0.328459	1.671541	4.978794	1.532089	0.317000	1.215089	3.751860	-1.285575	-0.086000	-1.199575	3.338636	-13952.807021
749987426715.000000 0.006933 2.302465	2.000000	0.328459	1.671541	5.005477	1.532089	0.317000	1.215089	3.771256	-1.285575	-0.086000	-1.199575	3.357784	-13952.807021
749987441062.000000 0.006905 2.309368	2.000000	0.328459	1.671541	5.032132	1.532089	0.317000	1.215089	3.790633	-1.285575	-0.086000	-1.199575	3.376913	-13952.807021
749987455044.000000 0.006730 2.316097	2.000000	0.328459	1.671541	5.058187	1.532089	0.317000	1.215089	3.809573	-1.285575	-0.086000	-1.199575	3.395611	-13952.807021
749987469103.000000 0.006767 2.322862	2.000000	0.328459	1.671541	5.084461	1.532089	0.317000	1.215089	3.828672	-1.285575	-0.086000	-1.199575	3.414467	-13952.807021
749987483793.000000 0.007071 2.329931	2.000000	0.328459	1.671541	5.111998	1.532089	0.317000	1.215089	3.848690	-1.285575	-0.086000	-1.199575	3.434229	-13952.807021
749987498641.000000 0.007147 2.337076	2.000000	0.328459	1.671541	5.139917	1.532089	0.317000	1.215089	3.868985	-1.285575	-0.086000	-1.199575	3.454265	-13952.807021
749987514550.000000 0.007657 2.344731	2.000000	0.328459	1.671541	5.169926	1.532089	0.317000	1.215089	3.890799	-1.285575	-0.086000	-1.199575	3.475801	-13952.807021
749987530764.000000 0.007805 2.352535	2.000000	0.376524	1.623476	5.199735	1.532089	0.361000	1.171089	3.912302	-1.285575	-0.107000	-1.178575	3.497441	-20747.846433
749987546706.000000 0.007674 2.360205	2.000000	0.376524	1.623476	5.229138	1.532089	0.361000	1.171089	3.933512	-1.285575	-0.107000	-1.178575	3.518786	-20747.846433
749987564741.000000 0.008681 2.368884	2.000000	0.376524	1.623476	5.262523	1.532089	0.361000	1.171089	3.957593	-1.285575	-0.107000	-1.178575	3.543022	-20747.846433
749987579829.000000 0.007262 2.376143	2.000000	0.376524	1.623476	5.290537	1.532089	0.361000	1.171089	3.977802	-1.285575	-0.107000	-1.178575	3.563360	-20747.846433
749987594907.000000 0.007257 2.383399	2.000000	0.376524	1.623476	5.318619	1.532089	0.361000	1.171089	3.998058	-1.285575	-0.107000	-1.178575	3.583745	-20747.846433
749987611189.000000 0.007837 2.391234	2.000000	0.376524	1.623476	5.349042	1.532089	0.361000	1.171089	4.020004	-1.285575	-0.107000	-1.178575	3.605831	-20747.846433
749987626552.000000 0.007395 2.398626	2.000000	0.376524	1.623476	5.377839	1.532089	0.361000	1.171089	4.040776	-1.285575	-0.107000	-1.178575	3.626736	-20747.846433
749987641034.000000 0.006971 2.405594	2.000000	0.376524	1.623476	5.405062	1.532089	0.361000	1.171089	4.060413	-1.285575	-0.107000	-1.178575	3.646499	-20747.846433
749987655713.000000 0.007065 2.412658	2.000000	0.376524	1.623476	5.432736	1.532089	0.361000	1.171089	4.080376	-1.285575	-0.107000	-1.178575	3.666589	-20747.846433
749987670146.000000 0.006946 2.419602	2.000000	0.376524	1.623476	5.460023	1.532089	0.361000	1.171089	4.100059	-1.285575	-0.107000	-1.178575	3.686399	-20747.846433
749987685240.000000 0.007265 2.426865	2.000000	0.376524	1.623476	5.488647	1.532089	0.361000	1.171089	4.120707	-1.285575	-0.107000	-1.178575	3.707178	-20747.846433
749987700286.000000 0.007242 2.434105	2.000000	0.376524	1.623476	5.517265	1.532089	0.361000	1.171089	4.141350	-1.285575	-0.107000	-1.178575	3.727954	-20747.846433
749987715538.000000 0.007341 2.441444	2.000000	0.376524	1.623476	5.546360	1.532089	0.361000	1.171089	4.162338	-1.285575	-0.107000	-1.178575	3.749076	-20747.846433
749987730194.000000 0.007055 2.448498	2.000000	0.376524	1.623476	5.574405	1.532089	0.361000	1.171089	4.182569	-1.285575	-0.107000	-1.178575	3.769435	-20747.846433
749987744926.000000 0.007091 2.455586	2.000000	0.427309	1.572691	5.601789	1.532089	0.408000	1.124089	4.202141	-1.285575	-0.127000	-1.158575	3.789609	-9388.402679
749987760820.000000 0.007650 2.463235	2.000000	0.427309	1.572691	5.631426	1.532089	0.408000	1.124089	4.223325	-1.285575	-0.127000	-1.158575	3.811442	-9388.402679
749987776683.000000 0.007635 2.470867	2.000000	0.427309	1.572691	5.661094	1.532089	0.408000	1.124089	4.244530	-1.285575	-0.127000	-1.158575	3.833297	-9388.402679
749987790827.000000 0.006808 2.477673	2.000000	0.427309	1.572691	5.687621	1.532089	0.408000	1.124089	4.263490	-1.285575	-0.127000	-1.158575	3.852840	-9388.402679
749987805270.000000 0.006952 2.484623	2.000000	0.427309	1.572691	5.714786	1.532089	0.408000	1.124089	4.282906	-1.285575	-0.127000	-1.158575	3.872852	-9388.402679
749987820288.000000 0.007230 2.491852	2.000000	0.427309	1.572691	5.743119	1.532089	0.408000	1.124089	4.303158	-1.285575	-0.127000	-1.158575	3.893724	-9388.402679
749987837089.000000 0.008087 2.499935	2.000000	0.427309	1.572691	5.774914	1.532089	0.408000	1.124089	4.325883	-1.285575	-0.127000	-1.158575	3.917147	-9388.402679
749987853920.000000 0.008101 2.508033	2.000000	0.427309	1.572691	5.806867	1.532089	0.408000	1.124089	4.348722	-1.285575	-0.127000	-1.158575	3.940686	-9388.402679
749987872619.000000 0.009000 2.517031	2.000000	0.427309	1.572691	5.842492	1.532089	0.408000	1.124089	4.374185	-1.285575	-0.127000	-1.158575	3.966931	-9388.402679
749987890931.000000 0.008814 2.525843	2.000000	0.427309	1.572691	5.877503	1.532089	0.408000	1.124089	4.399209	-1.285575	-0.127000	-1.158575	3.992722	-9388.402679
749987909765.000000 0.009065 2.534905	2.000000	0.427309	1.572691	5.913640	1.532089	0.408000	1.124089	4.425039	-1.285575	-0.127000	-1.158575	4.019344	-9388.402679
749987930327.000000 0.009896 2.544800	2.000000	0.481627	1.518373	5.951879	1.532089	0.458000	1.074089	4.452088	-1.285575	-0.149000	-1.136575	4.047968	-10448.200711
749988024796.000000 0.045460 2.590258	2.000000	0.481627	1.518373	6.130670	1.532089	0.458000	1.074089	4.578565	-1.285575	-0.149000	-1.136575	4.181802	-10448.200711
749988056853.000000 0.015427 2.605683	2.000000	0.481627	1.518373	6.191708	1.532089	0.458000	1.074089	4.621742	-1.285575	-0.149000	-1.136575	4.227491	-10448.200711
749988082165.000000 0.012182 2.617863	2.000000	0.481627	1.518373	6.240129	1.532089	0.458000	1.074089	4.655995	-1.285575	-0.149000	-1.136575	4.263737	-10448.200711
749988108297.000000 0.012577 2.630439	2.000000	0.481627	1.518373	6.290363	1.532089	0.458000	1.074089	4.691530	-1.285575	-0.149000	-1.136575	4.301340	-10448.200711
749988140257.000000 0.015381 2.645817	2.000000	0.481627	1.518373	6.352153	1.532089	0.458000	1.074089	4.735240	-1.285575	-0.149000	-1.136575	4.347592	-10448.200711
749988169974.000000 0.014302 2.660116	2.000000	0.538865	1.461135	6.407742	1.532089	0.510000	1.022089	4.774126	-1.285575	-0.174000	-1.111575	4.389882	-9178.924482
749988197127.000000 0.013068 2.673182	2.000000	0.538865	1.461135	6.458783	1.532089	0.510000	1.022089	4.809830	-1.285575	-0.174000	-1.111575	4.428712	-9178.924482
749988224942.000000 0.013387 2.686567	2.000000	0.538865	1.461135	6.511332	1.532089	0.510000	1.022089	4.846588	-1.285575	-0.174000	-1.111575	4.468689	-9178.924482
749988252532.000000 0.013279 2.699844	2.000000	0.538865	1.461135	6.563715	1.532089	0.510000	1.022089	4.883232	-1.285575	-0.174000	-1.111575	4.508541	-9178.924482
749988288426.000000 0.017274 2.717115	2.000000	0.538865	1.461135	6.632295	1.532089	0.510000	1.022089	4.931205	-1.285575	-0.174000	-1.111575	4.560714	-9178.924482
749988316859.000000 0.013684 2.730796	2.000000	0.538865	1.461135	6.686894	1.532089	0.510000	1.022089	4.969397	-1.285575	-0.174000	-1.111575	4.602250	-9178.924482
749988338166.000000 0.010255 2.741050	2.000000	0.538865	1.461135	6.727966	1.532089	0.510000	1.022089	4.998128	-1.285575	-0.174000	-1.111575	4.633497	-9178.924482
749988374016.000000 0.017253 2.758299	2.000000	0.598746	1.401254	6.794649	1.532089	0.564000	0.968089	5.044197	-1.285575	-0.201000	-1.084575	4.685109	-10185.208983
749988390860.000000 0.008107 2.766404	2.000000	0.598746	1.401254	6.826076	1.532089	0.564000	0.968089	5.065909	-1.285575	-0.201000	-1.084575	4.709434	-10185.208983
749988403844.000000 0.006249 2.772651	2.000000	0.598746	1.401254	6.850355	1.532089	0.564000	0.968089	5.082683	-1.285575	-0.201000	-1.084575	4.728226	-10185.208983
749988416347.000000 0.006018 2.778668	2.000000	0.598746	1.401254	6.873786	1.532089	0.564000	0.968089	5.098871	-1.285575	-0.201000	-1.084575	4.746362	-10185.208983
749988428875.000000 0.006030 2.784696	2.000000	0.598746	1.401254	6.897317	1.532089	0.564000	0.968089	5.115128	-1.285575	-0.201000	-1.084575	4.764575	-10185.208983
749988441556.000000 0.006104 2.790798	2.000000	0.598746	1.401254	6.921187	1.532089	0.564000	0.968089	5.131619	-1.285575	-0.201000	-1.084575	4.783050	-10185.208983
749988454274.000000 0.006122 2.796919	2.000000	0.598746	1.401254	6.945181	1.532089	0.564000	0.968089	5.148196	-1.285575	-0.201000	-1.084575	4.801622	-10185.208983
749988468036.000000 0.006624 2.803541	2.000000	0.598746	1.401254	6.971204	1.532089	0.564000	0.968089	5.166174	-1.285575	-0.201000	-1.084575	4.821763	-10185.208983
749988480567.000000 0.006031 2.809570	2.000000	0.598746	1.401254	6.994948	1.532089	0.564000	0.968089	5.182579	-1.285575	-0.201000	-1.084575	4.840142	-10185.208983
749988493251.000000 0.006105 2.815673	2.000000	0.598746	1.401254	7.019035	1.532089	0.564000	0.968089	5.199220	-1.285575	-0.201000	-1.084575	4.858785	-10185.208983
749988506088.000000 0.006179 2.821850	2.000000	0.598746	1.401254	7.043465	1.532089	0.564000	0.968089	5.216098	-1.285575	-0.201000	-1.084575	4.877694	-10185.208983
749988519408.000000 0.006411 2.828261	2.000000	0.598746	1.401254	7.068874	1.532089	0.564000	0.968089	5.233653	-1.285575	-0.201000	-1.084575	4.897361	-10185.208983
749988532854.000000 0.006472 2.834730	2.000000	0.598746	1.401254	7.094581	1.532089	0.564000	0.968089	5.251412	-1.285575	-0.201000	-1.084575	4.917257	-10185.208983
749988545966.000000 0.006311 2.841041	2.000000	0.598746	1.401254	7.119706	1.532089	0.564000	0.968089	5.268771	-1.285575	-0.201000	-1.084575	4.936705	-10185.208983
749988558947.000000 0.006248 2.847286	2.000000	0.598746	1.401254	7.144633	1.532089	0.564000	0.968089	5.285992	-1.285575	-0.201000	-1.084575	4.955998	-10185.208983
749988572783.000000 0.006660 2.853944	2.000000	0.658717	1.341283	7.170126	1.532089	0.618000	0.914089	5.303366	-1.285575	-0.228000	-1.057575	4.976099	-7772.212861
749988588933.000000 0.007774 2.861717	2.000000	0.658717	1.341283	7.199965	1.532089	0.618000	0.914089	5.323701	-1.285575	-0.228000	-1.057575	4.999626	-7772.212861
749988604380.000000 0.007435 2.869149	2.000000	0.658717	1.341283	7.228577	1.532089	0.618000	0.914089	5.343200	-1.285575	-0.228000	-1.057575	5.022186	-7772.212861
749988617954.000000 0.006533 2.875680	2.000000	0.658717	1.341283	7.253776	1.532089	0.618000	0.914089	5.360373	-1.285575	-0.228000	-1.057575	5.042055	-7772.212861
749988631727.000000 0.006629 2.882307	2.000000	0.658717	1.341283	7.279403	1.532089	0.618000	0.914089	5.377838	-1.285575	-0.228000	-1.057575	5.062261	-7772.212861
749988645496.000000 0.006627 2.888933	2.000000	0.658717	1.341283	7.305083	1.532089	0.618000	0.914089	5.395340	-1.285575	-0.228000	-1.057575	5.082510	-7772.212861
749988658658.000000 0.006335 2.895266	2.000000	0.658717	1.341283	7.329686	1.532089	0.618000	0.914089	5.412106	-1.285575	-0.228000	-1.057575	5.101909	-7772.212861
749988672814.000000 0.006814 2.902078	2.000000	0.658717	1.341283	7.356210	1.532089	0.618000	0.914089	5.430183	-1.285575	-0.228000	-1.057575	5.122823	-7772.212861
749988687629.000000 0.007131 2.909207	2.000000	0.658717	1.341283	7.384035	1.532089	0.618000	0.914089	5.449145	-1.285575	-0.228000	-1.057575	5.144762	-7772.212861
749988700759.000000 0.006320 2.915525	2.000000	0.658717	1.341283	7.408749	1.532089	0.618000	0.914089	5.465988	-1.285575	-0.228000	-1.057575	5.164249	-7772.212861
749988714494.000000 0.006611 2.922134	2.000000	0.658717	1.341283	7.434661	1.532089	0.618000	0.914089	5.483647	-1.285575	-0.228000	-1.057575	5.184680	-7772.212861
749988727878.000000 0.006442 2.928575	2.000000	0.658717	1.341283	7.459966	1.532089	0.618000	0.914089	5.500893	-1.285575	-0.228000	-1.057575	5.204632	-7772.212861
749988741394.000000 0.006506 2.935078	2.000000	0.658717	1.341283	7.485578	1.532089	0.618000	0.914089	5.518347	-1.285575	-0.228000	-1.057575	5.224826	-7772.212861
749988755515.000000 0.006797 2.941874	2.000000	0.658717	1.341283	7.512397	1.532089	0.618000	0.914089	5.536625	-1.285575	-0.228000	-1.057575	5.245973	-7772.212861
749988768882.000000 0.006434 2.948305	2.000000	0.658717	1.341283	7.537841	1.532089	0.618000	0.914089	5.553964	-1.285575	-0.228000	-1.057575	5.266035	-7772.212861
749988784252.000000 0.007398 2.955702	2.000000	0.719467	1.280533	7.565841	1.532089	0.672000	0.860089	5.572771	-1.285575	-0.257000	-1.028575	5.288525	-11597.447508
749988798571.000000 0.006892 2.962592	2.000000	0.719467	1.280533	7.591987	1.532089	0.672000	0.860089	5.590333	-1.285575	-0.257000	-1.028575	5.309527	-11597.447508
749988812928.000000 0.006910 2.969499	2.000000	0.719467	1.280533	7.618262	1.532089	0.672000	0.860089	5.607981	-1.285575	-0.257000	-1.028575	5.330633	-11597.447508
749988825765.000000 0.006179 2.975678	2.000000	0.719467	1.280533	7.641807	1.532089	0.672000	0.860089	5.623795	-1.285575	-0.257000	-1.028575	5.349545	-11597.447508
749988838787.000000 0.006268 2.981943	2.000000	0.719467	1.280533	7.665743	1.532089	0.672000	0.860089	5.639872	-1.285575	-0.257000	-1.028575	5.368771	-11597.447508
749988851506.000000 0.006122 2.988063	2.000000	0.719467	1.280533	7.689167	1.532089	0.672000	0.860089	5.655605	-1.285575	-0.257000	-1.028575	5.387586	-11597.447508
749988864393.000000 0.006203 2.994264	2.000000	0.719467	1.280533	7.712949	1.532089	0.672000	0.860089	5.671579	-1.285575	-0.257000	-1.028575	5.406689	-11597.447508
749988877901.000000 0.006502 3.000764	2.000000	0.719467	1.280533	7.737933	1.532089	0.672000	0.860089	5.688359	-1.285575	-0.257000	-1.028575	5.426757	-11597.447508
749988892543.000000 0.007047 3.007809	2.000000	0.719467	1.280533	7.765075	1.532089	0.672000	0.860089	5.706590	-1.285575	-0.257000	-1.028575	5.448559	-11597.447508
749988905786.000000 0.006374 3.014183	2.000000	0.719467	1.280533	7.789679	1.532089	0.672000	0.860089	5.723115	-1.285575	-0.257000	-1.028575	5.468321	-11597.447508
749988918702.000000 0.006217 3.020398	2.000000	0.719467	1.280533	7.813725	1.532089	0.672000	0.860089	5.739266	-1.285575	-0.257000	-1.028575	5.487636	-11597.447508
749988931686.000000 0.006250 3.026646	2.000000	0.719467	1.280533	7.837947	1.532089	0.672000	0.860089	5.755535	-1.285575	-0.257000	-1.028575	5.507092	-11597.447508
749988945147.000000 0.006479 3.033122	2.000000	0.719467	1.280533	7.863110	1.532089	0.672000	0.860089	5.772437	-1.285575	-0.257000	-1.028575	5.527304	-11597.447508
749988958056.000000 0.006214 3.039334	2.000000	0.719467	1.280533	7.887294	1.532089	0.672000	0.860089	5.788680	-1.285575	-0.257000	-1.028575	5.546729	-11597.447508
749988971014.000000 0.006237 3.045569	2.000000	0.719467	1.280533	7.911618	1.532089	0.672000	0.860089	5.805018	-1.285575	-0.257000	-1.028575	5.566268	-11597.447508
749988985636.000000 0.007038 3.052606	2.000000	0.779006	1.220994	7.937852	1.532089	0.725000	0.807089	5.822358	-1.285575	-0.285000	-1.000575	5.587766	-8969.948915
749989003304.000000 0.008504 3.061108	2.000000	0.779006	1.220994	7.969635	1.532089	0.725000	0.807089	5.843367	-1.285575	-0.285000	-1.000575	5.613811	-8969.948915
749989020102.000000 0.008085 3.069190	2.000000	0.779006	1.220994	7.999931	1.532089	0.725000	0.807089	5.863394	-1.285575	-0.285000	-1.000575	5.638638	-8969.948915
749989033437.000000 0.006418 3.075607	2.000000	0.779006	1.220994	8.024033	1.532089	0.725000	0.807089	5.879325	-1.285575	-0.285000	-1.000575	5.658389	-8969.948915
749989046190.000000 0.006138 3.081743	2.000000	0.779006	1.220994	8.047130	1.532089	0.725000	0.807089	5.894592	-1.285575	-0.285000	-1.000575	5.677316	-8969.948915
749989059388.000000 0.006353 3.088094	2.000000	0.779006	1.220994	8.071083	1.532089	0.725000	0.807089	5.910425	-1.285575	-0.285000	-1.000575	5.696945	-8969.948915
749989072820.000000 0.006465 3.094558	2.000000	0.779006	1.220994	8.095512	1.532089	0.725000	0.807089	5.926573	-1.285575	-0.285000	-1.000575	5.716964	-8969.948915
749989085687.000000 0.006193 3.100750	2.000000	0.779006	1.220994	8.118960	1.532089	0.725000	0.807089	5.942072	-1.285575	-0.285000	-1.000575	5.736179	-8969.948915
749989100242.000000 0.007006 3.107754	2.000000	0.779006	1.220994	8.145543	1.532089	0.725000	0.807089	5.959644	-1.285575	-0.285000	-1.000575	5.757964	-8969.948915
749989114104.000000 0.006672 3.114423	2.000000	0.779006	1.220994	8.170916	1.532089	0.725000	0.807089	5.976416	-1.285575	-0.285000	-1.000575	5.778756	-8969.948915
749989127668.000000 0.006529 3.120950	2.000000	0.779006	1.220994	8.195795	1.532089	0.725000	0.807089	5.992861	-1.285575	-0.285000	-1.000575	5.799143	-8969.948915
749989140943.000000 0.006390 3.127339	2.000000	0.779006	1.220994	8.220194	1.532089	0.725000	0.807089	6.008989	-1.285575	-0.285000	-1.000575	5.819138	-8969.948915
749989155918.000000 0.007208 3.134544	2.000000	0.779006	1.220994	8.247780	1.532089	0.725000	0.807089	6.027224	-1.285575	-0.285000	-1.000575	5.841744	-8969.948915
749989169412.000000 0.006495 3.141037	2.000000	0.779006	1.220994	8.272688	1.532089	0.725000	0.807089	6.043688	-1.285575	-0.285000	-1.000575	5.862156	-8969.948915
749989182419.000000 0.006261 3.147296	2.000000	0.779006	1.220994	8.296747	1.532089	0.725000	0.807089	6.059592	-1.285575	-0.285000	-1.000575	5.881871	-8969.948915
749989196781.000000 0.006913 3.154208	2.000000	0.839350	1.160650	8.322056	1.532089	0.778000	0.754089	6.076035	-1.285575	-0.315000	-0.970575	5.903036	-10182.434463
749989212901.000000 0.007759 3.161965	2.000000	0.839350	1.160650	8.350532	1.532089	0.778000	0.754089	6.094536	-1.285575	-0.315000	-0.970575	5.926848	-10182.434463
749989227017.000000 0.006794 3.168756	2.000000	0.839350	1.160650	8.375521	1.532089	0.778000	0.754089	6.110772	-1.285575	-0.315000	-0.970575	5.947745	-10182.434463
749989239793.000000 0.006149 3.174903	2.000000	0.839350	1.160650	8.398180	1.532089	0.778000	0.754089	6.125494	-1.285575	-0.315000	-0.970575	5.966693	-10182.434463
749989252594.000000 0.006162 3.181063	2.000000	0.839350	1.160650	8.420929	1.532089	0.778000	0.754089	6.140274	-1.285575	-0.315000	-0.970575	5.985717	-10182.434463
749989265965.000000 0.006436 3.187497	2.000000	0.839350	1.160650	8.444740	1.532089	0.778000	0.754089	6.155744	-1.285575	-0.315000	-0.970575	6.005628	-10182.434463
749989279313.000000 0.006424 3.193920	2.000000	0.839350	1.160650	8.468555	1.532089	0.778000	0.754089	6.171217	-1.285575	-0.315000	-0.970575	6.025543	-10182.434463
749989293117.000000 0.006644 3.200563	2.000000	0.839350	1.160650	8.493235	1.532089	0.778000	0.754089	6.187252	-1.285575	-0.315000	-0.970575	6.046181	-10182.434463
749989308006.000000 0.007166 3.207727	2.000000	0.839350	1.160650	8.519914	1.532089	0.778000	0.754089	6.204586	-1.285575	-0.315000	-0.970575	6.068491	-10182.434463
749989321007.000000 0.006257 3.213984	2.000000	0.839350	1.160650	8.543256	1.532089	0.778000	0.754089	6.219752	-1.285575	-0.315000	-0.970575	6.088011	-10182.434463
749989334148.000000 0.006326 3.220307	2.000000	0.839350	1.160650	8.566900	1.532089	0.778000	0.754089	6.235113	-1.285575	-0.315000	-0.970575	6.107782	-10182.434463
749989346687.000000 0.006035 3.226340	2.000000	0.839350	1.160650	8.589499	1.532089	0.778000	0.754089	6.249796	-1.285575	-0.315000	-0.970575	6.126681	-10182.434463
749989359556.000000 0.006194 3.232533	2.000000	0.839350	1.160650	8.612739	1.532089	0.778000	0.754089	6.264896	-1.285575	-0.315000	-0.970575	6.146115	-10182.434463
749989372110.000000 0.006042 3.238573	2.000000	0.839350	1.160650	8.635451	1.532089	0.778000	0.754089	6.279652	-1.285575	-0.315000	-0.970575	6.165108	-10182.434463
749989385158.000000 0.006281 3.244853	2.000000	0.839350	1.160650	8.659105	1.532089	0.778000	0.754089	6.295020	-1.285575	-0.315000	-0.970575	6.184887	-10182.434463
749989397954.000000 0.006159 3.251009	2.000000	0.898846	1.101154	8.681152	1.532089	0.830000	0.702089	6.309077	-1.285575	-0.345000	-0.940575	6.203720	-10182.434463
749989413749.000000 0.007602 3.258610	2.000000	0.898846	1.101154	8.708431	1.532089	0.830000	0.702089	6.326470	-1.285575	-0.345000	-0.940575	6.227021	-16570.997936
749989430663.000000 0.008141 3.266750	2.000000	0.898846	1.101154	8.737715	1.532089	0.830000	0.702089	6.345142	-1.285575	-0.345000	-0.940575	6.252034	-16570.997936
749989443723.000000 0.006287 3.273034	2.000000	0.898846	1.101154	8.760374	1.532089	0.830000	0.702089	6.359588	-1.285575	-0.345000	-0.940575	6.271388	-16570.997936
749989456446.000000 0.006124 3.279155	2.000000	0.898846	1.101154	8.782485	1.532089	0.830000	0.702089	6.373686	-1.285575	-0.345000	-0.940575	6.290276	-16570.997936
749989469600.000000 0.006331 3.285484	2.000000	0.898846	1.101154	8.805390	1.532089	0.830000	0.702089	6.388290	-1.285575	-0.345000	-0.940575	6.309840	-16570.997936
749989482609.000000 0.006262 3.291745	2.000000	0.898846	1.101154	8.828087	1.532089	0.830000	0.702089	6.402762	-1.285575	-0.345000	-0.940575	6.329227	-16570.997936
749989495489.000000 0.006200 3.297942	2.000000	0.898846	1.101154	8.850601	1.532089	0.830000	0.702089	6.417117	-1.285575	-0.345000	-0.940575	6.348458	-16570.997936
749989509722.000000 0.006851 3.304792	2.000000	0.898846	1.101154	8.875532	1.532089	0.830000	0.702089	6.433012	-1.285575	-0.345000	-0.940575	6.369753	-16570.997936
749989522674.000000 0.006234 3.311024	2.000000	0.898846	1.101154	8.898262	1.532089	0.830000	0.702089	6.447505	-1.285575	-0.345000	-0.940575	6.389169	-16570.997936
749989535421.000000 0.006135 3.317157	2.000000	0.898846	1.101154	8.920672	1.532089	0.830000	0.702089	6.461793	-1.285575	-0.345000	-0.940575	6.408311	-16570.997936
749989547995.000000 0.006052 3.323208	2.000000	0.898846	1.101154	8.942820	1.532089	0.830000	0.702089	6.475915	-1.285575	-0.345000	-0.940575	6.427229	-16570.997936
749989560725.000000 0.006127 3.329334	2.000000	0.898846	1.101154	8.965282	1.532089	0.830000	0.702089	6.490237	-1.285575	-0.345000	-0.940575	6.446416	-16570.997936
749989573773.000000 0.006281 3.335614	2.000000	0.898846	1.101154	8.988352	1.532089	0.830000	0.702089	6.504946	-1.285575	-0.345000	-0.940575	6.466122	-16570.997936
749989587448.000000 0.006582 3.342192	2.000000	0.898846	1.101154	9.012575	1.532089	0.830000	0.702089	6.520390	-1.285575	-0.345000	-0.940575	6.486812	-16570.997936
749989600410.000000 0.006239 3.348430	2.000000	0.898846	1.101154	9.035579	1.532089	0.830000	0.702089	6.535058	-1.285575	-0.345000	-0.940575	6.506462	-16570.997936
749989617937.000000 0.008435 3.356864	2.000000	0.958940	1.041060	9.065058	1.532089	0.883000	0.649089	6.553437	-1.285575	-0.374000	-0.911575	6.532274	1892.333558
749989634150.000000 0.007803 3.364666	2.000000	0.958940	1.041060	9.092392	1.532089	0.883000	0.649089	6.570480	-1.285575	-0.374000	-0.911575	6.556208	1892.333558
749989647428.000000 0.006391 3.371055	2.000000	0.958940	1.041060	9.114820	1.532089	0.883000	0.649089	6.584464	-1.285575	-0.374000	-0.911575	6.575847	1892.333558
749989661784.000000 0.006909 3.377962	2.000000	0.958940	1.041060	9.139118	1.532089	0.883000	0.649089	6.599613	-1.285575	-0.374000	-0.911575	6.597123	1892.333558
749989675128.000000 0.006422 3.384383	2.000000	0.958940	1.041060	9.161747	1.532089	0.883000	0.649089	6.613722	-1.285575	-0.374000	-0.911575	6.616937	1892.333558
749989688017.000000 0.006204 3.390586	2.000000	0.958940	1.041060	9.183644	1.532089	0.883000	0.649089	6.627375	-1.285575	-0.374000	-0.911575	6.636111	1892.333558
749989700640.000000 0.006076 3.396659	2.000000	0.958940	1.041060	9.205128	1.532089	0.883000	0.649089	6.640769	-1.285575	-0.374000	-0.911575	6.654922	1892.333558
749989713355.000000 0.006120 3.402779	2.000000	0.958940	1.041060	9.226809	1.532089	0.883000	0.649089	6.654287	-1.285575	-0.374000	-0.911575	6.673907	1892.333558
749989727379.000000 0.006750 3.409527	2.000000	0.958940	1.041060	9.250769	1.532089	0.883000	0.649089	6.669226	-1.285575	-0.374000	-0.911575	6.694887	1892.333558
749989740150.000000 0.006147 3.415671	2.000000	0.958940	1.041060	9.272626	1.532089	0.883000	0.649089	6.682854	-1.285575	-0.374000	-0.911575	6.714025	1892.333558
749989753995.000000 0.006664 3.422333	2.000000	0.958940	1.041060	9.296368	1.532089	0.883000	0.649089	6.697656	-1.285575	-0.374000	-0.911575	6.734814	1892.333558
749989767296.000000 0.006402 3.428733	2.000000	0.958940	1.041060	9.319219	1.532089	0.883000	0.649089	6.711904	-1.285575	-0.374000	-0.911575	6.754823	1892.333558
749989780455.000000 0.006334 3.435066	2.000000	0.958940	1.041060	9.341870	1.532089	0.883000	0.649089	6.726026	-1.285575	-0.374000	-0.911575	6.774656	1892.333558
749989793052.000000 0.006063 3.441127	2.000000	0.958940	1.041060	9.363590	1.532089	0.883000	0.649089	6.739569	-1.285575	-0.374000	-0.911575	6.793675	1892.333558
749989806025.000000 0.006244 3.447370	2.000000	0.958940	1.041060	9.386001	1.532089	0.883000	0.649089	6.753541	-1.285575	-0.374000	-0.911575	6.813298	1892.333558
749989821250.000000 0.007328 3.454698	2.000000	1.018825	0.981175	9.410840	1.532089	0.934000	0.598089	6.768683	-1.285575	-0.407000	-0.878575	6.835541	-27200.691013
749989837283.000000 0.007717 3.462411	2.000000	1.018825	0.981175	9.437056	1.532089	0.934000	0.598089	6.784663	-1.285575	-0.407000	-0.878575	6.859015	-27200.691013
749989850672.000000 0.006444 3.468853	2.000000	1.018825	0.981175	9.458989	1.532089	0.934000	0.598089	6.798033	-1.285575	-0.407000	-0.878575	6.878655	-27200.691013
749989863519.000000 0.006184 3.475036	2.000000	1.018825	0.981175	9.480074	1.532089	0.934000	0.598089	6.810885	-1.285575	-0.407000	-0.878575	6.897534	-27200.691013
749989876371.000000 0.006186 3.481220	2.000000	1.018825	0.981175	9.501204	1.532089	0.934000	0.598089	6.823765	-1.285575	-0.407000	-0.878575	6.916455	-27200.691013
749989889804.000000 0.006466 3.487684	2.000000	1.018825	0.981175	9.523330	1.532089	0.934000	0.598089	6.837252	-1.285575	-0.407000	-0.878575	6.936267	-27200.691013
749989902531.000000 0.006126 3.493809	2.000000	1.018825	0.981175	9.544329	1.532089	0.934000	0.598089	6.850052	-1.285575	-0.407000	-0.878575	6.955070	-27200.691013
749989915193.000000 0.006095 3.499901	2.000000	1.018825	0.981175	9.565258	1.532089	0.934000	0.598089	6.862810	-1.285575	-0.407000	-0.878575	6.973811	-27200.691013
749989929825.000000 0.007043 3.506942	2.000000	1.018825	0.981175	9.589492	1.532089	0.934000	0.598089	6.877582	-1.285575	-0.407000	-0.878575	6.995511	-27200.691013
749989942538.000000 0.006119 3.513059	2.000000	1.018825	0.981175	9.610583	1.532089	0.934000	0.598089	6.890439	-1.285575	-0.407000	-0.878575	7.014396	-27200.691013
749989955150.000000 0.006071 3.519128	2.000000	1.018825	0.981175	9.631544	1.532089	0.934000	0.598089	6.903216	-1.285575	-0.407000	-0.878575	7.033166	-27200.691013
749989968076.000000 0.006222 3.525348	2.000000	1.018825	0.981175	9.653065	1.532089	0.934000	0.598089	6.916334	-1.285575	-0.407000	-0.878575	7.052437	-27200.691013
749989980836.000000 0.006142 3.531489	2.000000	1.018825	0.981175	9.674349	1.532089	0.934000	0.598089	6.929308	-1.285575	-0.407000	-0.878575	7.071494	-27200.691013
749989993580.000000 0.006134 3.537620	2.000000	1.018825	0.981175	9.695639	1.532089	0.934000	0.598089	6.942286	-1.285575	-0.407000	-0.878575	7.090559	-27200.691013
749990006553.000000 0.006244 3.543862	2.000000	1.018825	0.981175	9.717352	1.532089	0.934000	0.598089	6.955521	-1.285575	-0.407000	-0.878575	7.110001	-27200.691013
749990019612.000000 0.006286 3.550147	2.000000	1.018825	0.981175	9.739248	1.532089	0.934000	0.598089	6.968868	-1.285575	-0.407000	-0.878575	7.129607	-27200.691013
749990034337.000000 0.007087 3.557232	2.000000	1.079416	0.920584	9.762456	1.532089	0.987000	0.545089	6.982610	-1.285575	-0.437000	-0.848575	7.150999	-1694.924884
749990049101.000000 0.007106 3.564337	2.000000	1.079416	0.920584	9.785773	1.532089	0.987000	0.545089	6.996416	-1.285575	-0.437000	-0.848575	7.172493	-1694.924884
749990061533.000000 0.005984 3.570318	2.000000	1.079416	0.920584	9.805440	1.532089	0.987000	0.545089	7.008061	-1.285575	-0.437000	-0.848575	7.190622	-1694.924884
749990074129.000000 0.006063 3.576379	2.000000	1.079416	0.920584	9.825400	1.532089	0.987000	0.545089	7.019880	-1.285575	-0.437000	-0.848575	7.209020	-1694.924884
749990086680.000000 0.006041 3.582419	2.000000	1.079416	0.920584	9.845324	1.532089	0.987000	0.545089	7.031677	-1.285575	-0.437000	-0.848575	7.227386	-1694.924884
749990099435.000000 0.006140 3.588556	2.000000	1.079416	0.920584	9.865606	1.532089	0.987000	0.545089	7.043686	-1.285575	-0.437000	-0.848575	7.246082	-1694.924884
749990114513.000000 0.007257 3.595812	2.000000	1.079416	0.920584	9.889628	1.532089	0.987000	0.545089	7.057910	-1.285575	-0.437000	-0.848575	7.268225	-1694.924884
749990127572.000000 0.006286 3.602097	2.000000	1.079416	0.920584	9.910472	1.532089	0.987000	0.545089	7.070252	-1.285575	-0.437000	-0.848575	7.287438	-1694.924884
749990141739.000000 0.006818 3.608913	2.000000	1.079416	0.920584	9.933125	1.532089	0.987000	0.545089	7.083665	-1.285575	-0.437000	-0.848575	7.308319	-1694.924884
749990154807.000000 0.006290 3.615202	2.000000	1.079416	0.920584	9.954059	1.532089	0.987000	0.545089	7.096061	-1.285575	-0.437000	-0.848575	7.327616	-1694.924884
749990167771.000000 0.006240 3.621440	2.000000	1.079416	0.920584	9.974861	1.532089	0.987000	0.545089	7.108378	-1.285575	-0.437000	-0.848575	7.346791	-1694.924884
749990180443.000000 0.006099 3.627536	2.000000	1.079416	0.920584	9.995229	1.532089	0.987000	0.545089	7.120438	-1.285575	-0.437000	-0.848575	7.365565	-1694.924884
749990193457.000000 0.006264 3.633799	2.000000	1.079416	0.920584	10.016184	1.532089	0.987000	0.545089	7.132845	-1.285575	-0.437000	-0.848575	7.384881	-1694.924884
749990206498.000000 0.006277 3.640074	2.000000	1.079416	0.920584	10.037217	1.532089	0.987000	0.545089	7.145299	-1.285575	-0.437000	-0.848575	7.404269	-1694.924884
749990219452.000000 0.006235 3.646307	2.000000	1.079416	0.920584	10.058146	1.532089	0.987000	0.545089	7.157691	-1.285575	-0.437000	-0.848575	7.423560	-1694.924884
749990232589.000000 0.006323 3.652629	2.000000	1.138538	0.861462	10.078041	1.532089	1.037000	0.495089	7.169125	-1.285575	-0.470000	-0.815575	7.442396	-30765.222548
749990247743.000000 0.007294 3.659923	2.000000	1.138538	0.861462	10.101038	1.532089	1.037000	0.495089	7.182342	-1.285575	-0.470000	-0.815575	7.464168	-30765.222548
749990263029.000000 0.007357 3.667277	2.000000	1.138538	0.861462	10.124282	1.532089	1.037000	0.495089	7.195700	-1.285575	-0.470000	-0.815575	7.486174	-30765.222548
749990279359.000000 0.007860 3.675135	2.000000	1.138538	0.861462	10.149166	1.532089	1.037000	0.495089	7.210001	-1.285575	-0.470000	-0.815575	7.509732	-30765.222548
749990295069.000000 0.007561 3.682694	2.000000	1.138538	0.861462	10.173154	1.532089	1.037000	0.495089	7.223788	-1.285575	-0.470000	-0.815575	7.532443	-30765.222548
749990313609.000000 0.008924 3.691617	2.000000	1.138538	0.861462	10.201534	1.532089	1.037000	0.495089	7.240097	-1.285575	-0.470000	-0.815575	7.559311	-30765.222548
749990329313.000000 0.007558 3.699172	2.000000	1.138538	0.861462	10.225619	1.532089	1.037000	0.495089	7.253939	-1.285575	-0.470000	-0.815575	7.582113	-30765.222548
749990345698.000000 0.007886 3.707057	2.000000	1.138538	0.861462	10.250803	1.532089	1.037000	0.495089	7.268413	-1.285575	-0.470000	-0.815575	7.605956	-30765.222548
749990359063.000000 0.006433 3.713488	2.000000	1.138538	0.861462	10.271383	1.532089	1.037000	0.495089	7.280241	-1.285575	-0.470000	-0.815575	7.625439	-30765.222548
749990373489.000000 0.006943 3.720428	2.000000	1.138538	0.861462	10.293636	1.532089	1.037000	0.495089	7.293029	-1.285575	-0.470000	-0.815575	7.646507	-30765.222548
749990386153.000000 0.006096 3.726523	2.000000	1.138538	0.861462	10.313205	1.532089	1.037000	0.495089	7.304276	-1.285575	-0.470000	-0.815575	7.665033	-30765.222548
749990399539.000000 0.006443 3.732964	2.000000	1.138538	0.861462	10.333925	1.532089	1.037000	0.495089	7.316184	-1.285575	-0.470000	-0.815575	7.684650	-30765.222548
749990412190.000000 0.006089 3.739052	2.000000	1.138538	0.861462	10.353539	1.532089	1.037000	0.495089	7.327456	-1.285575	-0.470000	-0.815575	7.703219	-30765.222548
749990424976.000000 0.006154 3.745204	2.000000	1.138538	0.861462	10.373396	1.532089	1.037000	0.495089	7.338868	-1.285575	-0.470000	-0.815575	7.722018	-30765.222548
749990437710.000000 0.006130 3.751332	2.000000	1.138538	0.861462	10.393205	1.532089	1.037000	0.495089	7.350253	-1.285575	-0.470000	-0.815575	7.740773	-30765.222548
749990470537.000000 0.015798 3.767129	2.000000	1.198791	0.801209	10.440888	1.532089	1.090000	0.442089	7.376563	-1.285575	-0.499000	-0.786575	7.787584	-5249.424939
749990486531.000000 0.007698 3.774824	2.000000	1.198791	0.801209	10.464170	1.532089	1.090000	0.442089	7.389409	-1.285575	-0.499000	-0.786575	7.810441	-5249.424939
749990504659.000000 0.008725 3.783547	2.000000	1.198791	0.801209	10.490619	1.532089	1.090000	0.442089	7.404003	-1.285575	-0.499000	-0.786575	7.836407	-5249.424939
749990520050.000000 0.007407 3.790952	2.000000	1.198791	0.801209	10.513118	1.532089	1.090000	0.442089	7.416418	-1.285575	-0.499000	-0.786575	7.858495	-5249.424939
749990532735.000000 0.006106 3.797057	2.000000	1.198791	0.801209	10.531693	1.532089	1.090000	0.442089	7.426667	-1.285575	-0.499000	-0.786575	7.876731	-5249.424939
749990546296.000000 0.006527 3.803583	2.000000	1.198791	0.801209	10.551585	1.532089	1.090000	0.442089	7.437643	-1.285575	-0.499000	-0.786575	7.896260	-5249.424939
749990559092.000000 0.006159 3.809740	2.000000	1.198791	0.801209	10.570384	1.532089	1.090000	0.442089	7.448016	-1.285575	-0.499000	-0.786575	7.914716	-5249.424939
749990572979.000000 0.006684 3.816422	2.000000	1.198791	0.801209	10.590823	1.532089	1.090000	0.442089	7.459294	-1.285575	-0.499000	-0.786575	7.934781	-5249.424939
749990585455.000000 0.006005 3.822425	2.000000	1.198791	0.801209	10.609213	1.532089	1.090000	0.442089	7.469441	-1.285575	-0.499000	-0.786575	7.952835	-5249.424939
749990597795.000000 0.005940 3.828364	2.000000	1.198791	0.801209	10.627432	1.532089	1.090000	0.442089	7.479494	-1.285575	-0.499000	-0.786575	7.970722	-5249.424939
749990610289.000000 0.006014 3.834375	2.000000	1.198791	0.801209	10.645908	1.532089	1.090000	0.442089	7.489688	-1.285575	-0.499000	-0.786575	7.988860	-5249.424939
749990623023.000000 0.006129 3.840502	2.000000	1.198791	0.801209	10.664767	1.532089	1.090000	0.442089	7.500094	-1.285575	-0.499000	-0.786575	8.007375	-5249.424939
749990635986.000000 0.006241 3.846741	2.000000	1.198791	0.801209	10.684001	1.532089	1.090000	0.442089	7.510707	-1.285575	-0.499000	-0.786575	8.026257	-5249.424939
749990649959.000000 0.006726 3.853465	2.000000	1.258930	0.741070	10.703207	1.532089	1.141000	0.391089	7.520843	-1.285575	-0.532000	-0.753575	8.045787	-5249.424939
749990665949.000000 0.007697 3.861161	2.000000	1.258930	0.741070	10.725231	1.532089	1.141000	0.391089	7.532466	-1.285575	-0.532000	-0.753575	8.068184	-34349.978026
749990680104.000000 0.006813 3.867970	2.000000	1.258930	0.741070	10.744761	1.532089	1.141000	0.391089	7.542773	-1.285575	-0.532000	-0.753575	8.088043	-34349.978026
749990693763.000000 0.006574 3.874542	2.000000	1.258930	0.741070	10.763637	1.532089	1.141000	0.391089	7.552734	-1.285575	-0.532000	-0.753575	8.107237	-34349.978026
749990706787.000000 0.006269 3.880809	2.000000	1.258930	0.741070	10.781666	1.532089	1.141000	0.391089	7.562249	-1.285575	-0.532000	-0.753575	8.125571	-34349.978026
749990719718.000000 0.006224 3.887031	2.000000	1.258930	0.741070	10.799594	1.532089	1.141000	0.391089	7.571710	-1.285575	-0.532000	-0.753575	8.143801	-34349.978026
749990732632.000000 0.006216 3.893246	2.000000	1.258930	0.741070	10.817529	1.532089	1.141000	0.391089	7.581175	-1.285575	-0.532000	-0.753575	8.162038	-34349.978026
749990745457.000000 0.006173 3.899417	2.000000	1.258930	0.741070	10.835368	1.532089	1.141000	0.391089	7.590589	-1.285575	-0.532000	-0.753575	8.180178	-34349.978026
749990759916.000000 0.006959 3.906375	2.000000	1.258930	0.741070	10.855515	1.532089	1.141000	0.391089	7.601221	-1.285575	-0.532000	-0.753575	8.200665	-34349.978026
749990772747.000000 0.006176 3.912549	2.000000	1.258930	0.741070	10.873422	1.532089	1.141000	0.391089	7.610671	-1.285575	-0.532000	-0.753575	8.218875	-34349.978026
749990786118.000000 0.006436 3.918983	2.000000	1.258930	0.741070	10.892113	1.532089	1.141000	0.391089	7.620536	-1.285575	-0.532000	-0.753575	8.237882	-34349.978026
749990798983.000000 0.006192 3.925173	2.000000	1.258930	0.741070	10.910126	1.532089	1.141000	0.391089	7.630042	-1.285575	-0.532000	-0.753575	8.256198	-34349.978026
749990811478.000000 0.006014 3.931186	2.000000	1.258930	0.741070	10.927648	1.532089	1.141000	0.391089	7.639288	-1.285575	-0.532000	-0.753575	8.274016	-34349.978026
749990825286.000000 0.006646 3.937830	2.000000	1.258930	0.741070	10.947043	1.532089	1.141000	0.391089	7.649524	-1.285575	-0.532000	-0.753575	8.293738	-34349.978026
749990838384.000000 0.006304 3.944133	2.000000	1.258930	0.741070	10.965469	1.532089	1.141000	0.391089	7.659248	-1.285575	-0.532000	-0.753575	8.312475	-34349.978026
749990850796.000000 0.005974 3.950106	2.000000	1.258930	0.741070	10.982958	1.532089	1.141000	0.391089	7.668478	-1.285575	-0.532000	-0.753575	8.330259	-34349.978026
749990866111.000000 0.007371 3.957475	2.000000	1.319226	0.680774	11.002818	1.532089	1.194000	0.338089	7.678340	-1.285575	-0.561000	-0.724575	8.351397	-8835.443831
749990882374.000000 0.007827 3.965300	2.000000	1.319226	0.680774	11.023947	1.532089	1.194000	0.338089	7.688834	-1.285575	-0.561000	-0.724575	8.373885	-8835.443831
749990896109.000000 0.006611 3.971911	2.000000	1.319226	0.680774	11.041822	1.532089	1.194000	0.338089	7.697711	-1.285575	-0.561000	-0.724575	8.392910	-8835.443831
749990909157.000000 0.006280 3.978188	2.000000	1.319226	0.680774	11.058830	1.532089	1.194000	0.338089	7.706157	-1.285575	-0.561000	-0.724575	8.411012	-8835.443831
749990922267.000000 0.006310 3.984496	2.000000	1.319226	0.680774	11.075945	1.532089	1.194000	0.338089	7.714657	-1.285575	-0.561000	-0.724575	8.429229	-8835.443831
749990935017.000000 0.006137 3.990631	2.000000	1.319226	0.680774	11.092617	1.532089	1.194000	0.338089	7.722937	-1.285575	-0.561000	-0.724575	8.446973	-8835.443831
749990948136.000000 0.006314 3.996944	2.000000	1.319226	0.680774	11.109798	1.532089	1.194000	0.338089	7.731469	-1.285575	-0.561000	-0.724575	8.465260	-8835.443831
749990962256.000000 0.006796 4.003740	2.000000	1.319226	0.680774	11.128321	1.532089	1.194000	0.338089	7.740668	-1.285575	-0.561000	-0.724575	8.484975	-8835.443831
749990976640.000000 0.006923 4.010660	2.000000	1.319226	0.680774	11.147223	1.532089	1.194000	0.338089	7.750055	-1.285575	-0.561000	-0.724575	8.505093	-8835.443831
749990989666.000000 0.006270 4.016928	2.000000	1.319226	0.680774	11.164369	1.532089	1.194000	0.338089	7.758571	-1.285575	-0.561000	-0.724575	8.523342	-8835.443831
749991002937.000000 0.006388 4.023315	2.000000	1.319226	0.680774	11.181865	1.532089	1.194000	0.338089	7.767260	-1.285575	-0.561000	-0.724575	8.541964	-8835.443831
749991015820.000000 0.006201 4.029513	2.000000	1.319226	0.680774	11.198874	1.532089	1.194000	0.338089	7.775707	-1.285575	-0.561000	-0.724575	8.560068	-8835.443831
749991029952.000000 0.006802 4.036314	2.000000	1.319226	0.680774	11.217565	1.532089	1.194000	0.338089	7.784989	-1.285575	-0.561000	-0.724575	8.579961	-8835.443831
749991042986.000000 0.006273 4.042585	2.000000	1.319226	0.680774	11.234830	1.532089	1.194000	0.338089	7.793563	-1.285575	-0.561000	-0.724575	8.598337	-8835.443831
749991055846.000000 0.006190 4.048774	2.000000	1.319226	0.680774	11.251890	1.532089	1.194000	0.338089	7.802036	-1.285575	-0.561000	-0.724575	8.616495	-8835.443831
749991070363.000000 0.006987 4.055759	2.000000	1.378540	0.621460	11.269502	1.532089	1.244000	0.288089	7.810200	-1.285575	-0.594000	-0.691575	8.636093	-37911.440047
749991086284.000000 0.007663 4.063421	2.000000	1.378540	0.621460	11.288853	1.532089	1.244000	0.288089	7.819171	-1.285575	-0.594000	-0.691575	8.657628	-37911.440047
749991099518.000000 0.006370 4.069788	2.000000	1.378540	0.621460	11.304964	1.532089	1.244000	0.288089	7.826639	-1.285575	-0.594000	-0.691575	8.675556	-37911.440047
749991112410.000000 0.006206 4.075992	2.000000	1.378540	0.621460	11.320684	1.532089	1.244000	0.288089	7.833926	-1.285575	-0.594000	-0.691575	8.693050	-37911.440047
749991125121.000000 0.006118 4.082108	2.000000	1.378540	0.621460	11.336206	1.532089	1.244000	0.288089	7.841122	-1.285575	-0.594000	-0.691575	8.710323	-37911.440047
749991137722.000000 0.006065 4.088172	2.000000	1.378540	0.621460	11.351616	1.532089	1.244000	0.288089	7.848265	-1.285575	-0.594000	-0.691575	8.727471	-37911.440047
749991150790.000000 0.006290 4.094459	2.000000	1.378540	0.621460	11.367620	1.532089	1.244000	0.288089	7.855684	-1.285575	-0.594000	-0.691575	8.745281	-37911.440047
749991163736.000000 0.006231 4.100689	2.000000	1.378540	0.621460	11.383499	1.532089	1.244000	0.288089	7.863045	-1.285575	-0.594000	-0.691575	8.762952	-37911.440047
749991178719.000000 0.007212 4.107907	2.000000	1.378540	0.621460	11.401910	1.532089	1.244000	0.288089	7.871580	-1.285575	-0.594000	-0.691575	8.783440	-37911.440047
749991192786.000000 0.006770 4.114668	2.000000	1.378540	0.621460	11.419222	1.532089	1.244000	0.288089	7.879605	-1.285575	-0.594000	-0.691575	8.802705	-37911.440047
749991206384.000000 0.006545 4.121211	2.000000	1.378540	0.621460	11.435986	1.532089	1.244000	0.288089	7.887376	-1.285575	-0.594000	-0.691575	8.821360	-37911.440047
749991219789.000000 0.006452 4.127662	2.000000	1.378540	0.621460	11.452536	1.532089	1.244000	0.288089	7.895048	-1.285575	-0.594000	-0.691575	8.839777	-37911.440047
749991233812.000000 0.006750 4.134410	2.000000	1.378540	0.621460	11.469878	1.532089	1.244000	0.288089	7.903088	-1.285575	-0.594000	-0.691575	8.859076	-37911.440047
749991247780.000000 0.006723 4.141130	2.000000	1.378540	0.621460	11.487179	1.532089	1.244000	0.288089	7.911108	-1.285575	-0.594000	-0.691575	8.878330	-37911.440047
749991262136.000000 0.006909 4.148038	2.000000	1.378540	0.621460	11.504991	1.532089	1.244000	0.288089	7.919365	-1.285575	-0.594000	-0.691575	8.898151	-37911.440047
749991278000.000000 0.007636 4.155673	2.000000	1.439300	0.560700	11.522783	1.532089	1.297000	0.235089	7.926825	-1.285575	-0.624000	-0.661575	8.919144	-12410.738506
749991293779.000000 0.007595 4.163266	2.000000	1.439300	0.560700	11.540512	1.532089	1.297000	0.235089	7.934258	-1.285575	-0.624000	-0.661575	8.940062	-12410.738506
749991307207.000000 0.006463 4.169726	2.000000	1.439300	0.560700	11.555622	1.532089	1.297000	0.235089	7.940593	-1.285575	-0.624000	-0.661575	8.957891	-12410.738506
749991321004.000000 0.006641 4.176365	2.000000	1.439300	0.560700	11.571173	1.532089	1.297000	0.235089	7.947114	-1.285575	-0.624000	-0.661575	8.976239	-12410.738506
749991334054.000000 0.006281 4.182645	2.000000	1.439300	0.560700	11.585904	1.532089	1.297000	0.235089	7.953290	-1.285575	-0.624000	-0.661575	8.993621	-12410.738506
749991347332.000000 0.006391 4.189034	2.000000	1.439300	0.560700	11.600915	1.532089	1.297000	0.235089	7.959584	-1.285575	-0.624000	-0.661575	9.011332	-12410.738506
749991360300.000000 0.006242 4.195274	2.000000	1.439300	0.560700	11.615597	1.532089	1.297000	0.235089	7.965740	-1.285575	-0.624000	-0.661575	9.028655	-12410.738506
749991374390.000000 0.006782 4.202055	2.000000	1.439300	0.560700	11.631575	1.532089	1.297000	0.235089	7.972439	-1.285575	-0.624000	-0.661575	9.047509	-12410.738506
749991387176.000000 0.006154 4.208207	2.000000	1.439300	0.560700	11.646096	1.532089	1.297000	0.235089	7.978527	-1.285575	-0.624000	-0.661575	9.064642	-12410.738506
749991400387.000000 0.006359 4.214564	2.000000	1.439300	0.560700	11.661123	1.532089	1.297000	0.235089	7.984828	-1.285575	-0.624000	-0.661575	9.082372	-12410.738506
749991413944.000000 0.006525 4.221087	2.000000	1.439300	0.560700	11.676566	1.532089	1.297000	0.235089	7.991303	-1.285575	-0.624000	-0.661575	9.100594	-12410.738506
749991426629.000000 0.006105 4.227191	2.000000	1.439300	0.560700	11.691037	1.532089	1.297000	0.235089	7.997370	-1.285575	-0.624000	-0.661575	9.117668	-12410.738506
749991440177.000000 0.006521 4.233711	2.000000	1.439300	0.560700	11.706516	1.532089	1.297000	0.235089	8.003860	-1.285575	-0.624000	-0.661575	9.135932	-12410.738506
749991453369.000000 0.006350 4.240059	2.000000	1.439300	0.560700	11.721613	1.532089	1.297000	0.235089	8.010190	-1.285575	-0.624000	-0.661575	9.153745	-12410.738506
749991467070.000000 0.006595 4.246652	2.000000	1.439300	0.560700	11.737315	1.532089	1.297000	0.235089	8.016774	-1.285575	-0.624000	-0.661575	9.172273	-12410.738506
749991483237.000000 0.007781 4.254431	2.000000	1.499584	0.500416	11.753881	1.532089	1.348000	0.184089	8.022867	-1.285575	-0.657000	-0.628575	9.193081	-12410.738506
749991503816.000000 0.009905 4.264334	2.000000	1.499584	0.500416	11.775017	1.532089	1.348000	0.184089	8.030643	-1.285575	-0.657000	-0.628575	9.219630	-41515.623123
749991516653.000000 0.006179 4.270510	2.000000	1.499584	0.500416	11.788221	1.532089	1.348000	0.184089	8.035500	-1.285575	-0.657000	-0.628575	9.236215	-41515.623123
749991529655.000000 0.006258 4.276767	2.000000	1.499584	0.500416	11.801615	1.532089	1.348000	0.184089	8.040427	-1.285575	-0.657000	-0.628575	9.253040	-41515.623123
749991542936.000000 0.006393 4.283157	2.000000	1.499584	0.500416	11.815316	1.532089	1.348000	0.184089	8.045468	-1.285575	-0.657000	-0.628575	9.270250	-41515.623123
749991555494.000000 0.006044 4.289200	2.000000	1.499584	0.500416	11.828290	1.532089	1.348000	0.184089	8.050240	-1.285575	-0.657000	-0.628575	9.286546	-41515.623123
749991568238.000000 0.006134 4.295332	2.000000	1.499584	0.500416	11.841475	1.532089	1.348000	0.184089	8.055091	-1.285575	-0.657000	-0.628575	9.303108	-41515.623123
749991580776.000000 0.006035 4.301366	2.000000	1.499584	0.500416	11.854465	1.532089	1.348000	0.184089	8.059870	-1.285575	-0.657000	-0.628575	9.319426	-41515.623123
749991593591.000000 0.006168 4.307533	2.000000	1.499584	0.500416	11.867762	1.532089	1.348000	0.184089	8.064761	-1.285575	-0.657000	-0.628575	9.336127	-41515.623123
749991606678.000000 0.006299 4.313830	2.000000	1.499584	0.500416	11.881360	1.532089	1.348000	0.184089	8.069764	-1.285575	-0.657000	-0.628575	9.353208	-41515.623123
749991619147.000000 0.006001 4.319829	2.000000	1.499584	0.500416	11.894333	1.532089	1.348000	0.184089	8.074536	-1.285575	-0.657000	-0.628575	9.369504	-41515.623123
749991631769.000000 0.006076 4.325904	2.000000	1.499584	0.500416	11.907485	1.532089	1.348000	0.184089	8.079374	-1.285575	-0.657000	-0.628575	9.386024	-41515.623123
749991644132.000000 0.005951 4.331854	2.000000	1.499584	0.500416	11.920386	1.532089	1.348000	0.184089	8.084120	-1.285575	-0.657000	-0.628575	9.402229	-41515.623123
749991657304.000000 0.006340 4.338190	2.000000	1.499584	0.500416	11.934149	1.532089	1.348000	0.184089	8.089183	-1.285575	-0.657000	-0.628575	9.419517	-41515.623123
749991670417.000000 0.006311 4.344500	2.000000	1.499584	0.500416	11.947870	1.532089	1.348000	0.184089	8.094231	-1.285575	-0.657000	-0.628575	9.436752	-41515.623123
749991683070.000000 0.006090 4.350588	2.000000	1.499584	0.500416	11.961129	1.532089	1.348000	0.184089	8.099108	-1.285575	-0.657000	-0.628575	9.453406	-41515.623123
749991698457.000000 0.007406 4.357995	2.000000	1.559037	0.440963	11.975361	1.532089	1.400000	0.132089	8.103371	-1.285575	-0.686000	-0.599575	9.472758	-15975.982015
749991716768.000000 0.008813 4.366804	2.000000	1.559037	0.440963	11.992331	1.532089	1.400000	0.132089	8.108455	-1.285575	-0.686000	-0.599575	9.495831	-15975.982015
749991729881.000000 0.006312 4.373114	2.000000	1.559037	0.440963	12.004502	1.532089	1.400000	0.132089	8.112101	-1.285575	-0.686000	-0.599575	9.512381	-15975.982015
749991742902.000000 0.006268 4.379379	2.000000	1.559037	0.440963	12.016606	1.532089	1.400000	0.132089	8.115726	-1.285575	-0.686000	-0.599575	9.528838	-15975.982015
749991755997.000000 0.006303 4.385682	2.000000	1.559037	0.440963	12.028794	1.532089	1.400000	0.132089	8.119377	-1.285575	-0.686000	-0.599575	9.545411	-15975.982015
749991768920.000000 0.006220 4.391899	2.000000	1.559037	0.440963	12.040840	1.532089	1.400000	0.132089	8.122985	-1.285575	-0.686000	-0.599575	9.561789	-15975.982015
749991781558.000000 0.006083 4.397980	2.000000	1.559037	0.440963	12.052638	1.532089	1.400000	0.132089	8.126519	-1.285575	-0.686000	-0.599575	9.577830	-15975.982015
749991795095.000000 0.006516 4.404494	2.000000	1.559037	0.440963	12.065293	1.532089	1.400000	0.132089	8.130310	-1.285575	-0.686000	-0.599575	9.595037	-15975.982015
749991809058.000000 0.006720 4.411213	2.000000	1.559037	0.440963	12.078365	1.532089	1.400000	0.132089	8.134226	-1.285575	-0.686000	-0.599575	9.612812	-15975.982015
749991821818.000000 0.006142 4.417354	2.000000	1.559037	0.440963	12.090329	1.532089	1.400000	0.132089	8.137810	-1.285575	-0.686000	-0.599575	9.629079	-15975.982015
749991835601.000000 0.006634 4.423985	2.000000	1.559037	0.440963	12.103270	1.532089	1.400000	0.132089	8.141686	-1.285575	-0.686000	-0.599575	9.646675	-15975.982015
749991848551.000000 0.006233 4.430218	2.000000	1.559037	0.440963	12.115447	1.532089	1.400000	0.132089	8.145334	-1.285575	-0.686000	-0.599575	9.663232	-15975.982015
749991861571.000000 0.006267 4.436482	2.000000	1.559037	0.440963	12.127708	1.532089	1.400000	0.132089	8.149006	-1.285575	-0.686000	-0.599575	9.679903	-15975.982015
749991875191.000000 0.006555 4.443036	2.000000	1.559037	0.440963	12.140551	1.532089	1.400000	0.132089	8.152853	-1.285575	-0.686000	-0.599575	9.697365	-15975.982015
749991888236.000000 0.006279 4.449314	2.000000	1.559037	0.440963	12.152870	1.532089	1.400000	0.132089	8.156544	-1.285575	-0.686000	-0.599575	9.714116	-15975.982015
749991901714.000000 0.006487 4.455798	2.000000	1.619371	0.380629	12.163873	1.532089	1.451000	0.081089	8.158888	-1.285575	-0.719000	-0.566575	9.730494	-45082.351985
749991918490.000000 0.008075 4.463872	2.000000	1.619371	0.380629	12.177593	1.532089	1.451000	0.081089	8.161811	-1.285575	-0.719000	-0.566575	9.750916	-45082.351985
749991933345.000000 0.007150 4.471019	2.000000	1.619371	0.380629	12.189760	1.532089	1.451000	0.081089	8.164403	-1.285575	-0.719000	-0.566575	9.769027	-45082.351985
749991946302.000000 0.006237 4.477254	2.000000	1.619371	0.380629	12.200389	1.532089	1.451000	0.081089	8.166667	-1.285575	-0.719000	-0.566575	9.784848	-45082.351985
749991959301.000000 0.006257 4.483509	2.000000	1.619371	0.380629	12.211066	1.532089	1.451000	0.081089	8.168942	-1.285575	-0.719000	-0.566575	9.800742	-45082.351985
749991972418.000000 0.006314 4.489821	2.000000	1.619371	0.380629	12.221856	1.532089	1.451000	0.081089	8.171240	-1.285575	-0.719000	-0.566575	9.816803	-45082.351985
749991985131.000000 0.006119 4.495938	2.000000	1.619371	0.380629	12.232328	1.532089	1.451000	0.081089	8.173471	-1.285575	-0.719000	-0.566575	9.832391	-45082.351985
749991997779.000000 0.006088 4.502024	2.000000	1.619371	0.380629	12.242760	1.532089	1.451000	0.081089	8.175694	-1.285575	-0.719000	-0.566575	9.847919	-45082.351985
749992011140.000000 0.006432 4.508455	2.000000	1.619371	0.380629	12.253797	1.532089	1.451000	0.081089	8.178045	-1.285575	-0.719000	-0.566575	9.864347	-45082.351985
749992024981.000000 0.006662 4.515113	2.000000	1.619371	0.380629	12.265245	1.532089	1.451000	0.081089	8.180484	-1.285575	-0.719000	-0.566575	9.881389	-45082.351985
749992039701.000000 0.007086 4.522198	2.000000	1.619371	0.380629	12.277442	1.532089	1.451000	0.081089	8.183082	-1.285575	-0.719000	-0.566575	9.899543	-45082.351985
749992057052.000000 0.008352 4.530548	2.000000	1.619371	0.380629	12.291843	1.532089	1.451000	0.081089	8.186150	-1.285575	-0.719000	-0.566575	9.920981	-45082.351985
749992075152.000000 0.008712 4.539256	2.000000	1.619371	0.380629	12.306897	1.532089	1.451000	0.081089	8.189357	-1.285575	-0.719000	-0.566575	9.943388	-45082.351985
749992091787.000000 0.008007 4.547261	2.000000	1.619371	0.380629	12.320755	1.532089	1.451000	0.081089	8.192310	-1.285575	-0.719000	-0.566575	9.964015	-45082.351985
749992115705.000000 0.011511 4.558771	2.000000	1.679738	0.320262	12.337561	1.532089	1.504000	0.028089	8.193784	-1.285575	-0.748000	-0.537575	9.992225	-19569.943812
749992142617.000000 0.012952 4.571720	2.000000	1.679738	0.320262	12.356524	1.532089	1.504000	0.028089	8.195447	-1.285575	-0.748000	-0.537575	10.024056	-19569.943812
749992162382.000000 0.009513 4.581231	2.000000	1.679738	0.320262	12.370482	1.532089	1.504000	0.028089	8.196671	-1.285575	-0.748000	-0.537575	10.047485	-19569.943812
749992178139.000000 0.007585 4.588813	2.000000	1.679738	0.320262	12.381628	1.532089	1.504000	0.028089	8.197649	-1.285575	-0.748000	-0.537575	10.066195	-19569.943812
749992196736.000000 0.008951 4.597762	2.000000	1.679738	0.320262	12.394808	1.532089	1.504000	0.028089	8.198805	-1.285575	-0.748000	-0.537575	10.088319	-19569.943812
749992223041.000000 0.012660 4.610420	2.000000	1.679738	0.320262	12.413502	1.532089	1.504000	0.028089	8.200444	-1.285575	-0.748000	-0.537575	10.119696	-19569.943812
749992239892.000000 0.008111 4.618528	2.000000	1.679738	0.320262	12.425499	1.532089	1.504000	0.028089	8.201496	-1.285575	-0.748000	-0.537575	10.139834	-19569.943812
749992256909.000000 0.008190 4.626716	2.000000	1.679738	0.320262	12.437635	1.532089	1.504000	0.028089	8.202561	-1.285575	-0.748000	-0.537575	10.160205	-19569.943812
749992274368.000000 0.008403 4.635117	2.000000	1.679738	0.320262	12.450109	1.532089	1.504000	0.028089	8.203655	-1.285575	-0.748000	-0.537575	10.181143	-19569.943812
749992298859.000000 0.011787 4.646903	2.000000	1.679738	0.320262	12.467651	1.532089	1.504000	0.028089	8.205193	-1.285575	-0.748000	-0.537575	10.210589	-19569.943812
749992325330.000000 0.012740 4.659640	2.000000	1.740111	0.259889	12.483079	1.532089	1.555000	-0.022911	8.206553	-1.285575	-0.781000	-0.504575	10.240541	-48677.470802
749992347738.000000 0.010784 4.670423	2.000000	1.740111	0.259889	12.496169	1.532089	1.555000	-0.022911	8.207707	-1.285575	-0.781000	-0.504575	10.265956	-48677.470802
749992364538.000000 0.008086 4.678507	2.000000	1.740111	0.259889	12.506001	1.532089	1.555000	-0.022911	8.208574	-1.285575	-0.781000	-0.504575	10.285045	-48677.470802
749992383280.000000 0.009021 4.687526	2.000000	1.740111	0.259889	12.516991	1.532089	1.555000	-0.022911	8.209543	-1.285575	-0.781000	-0.504575	10.306381	-48677.470802
749992410983.000000 0.013332 4.700855	2.000000	1.740111	0.259889	12.533278	1.532089	1.555000	-0.022911	8.210979	-1.285575	-0.781000	-0.504575	10.338004	-48677.470802
749992424579.000000 0.006544 4.707398	2.000000	1.740111	0.259889	12.541284	1.532089	1.555000	-0.022911	8.211685	-1.285575	-0.781000	-0.504575	10.353548	-48677.470802
749992438990.000000 0.006936 4.714332	2.000000	1.740111	0.259889	12.549783	1.532089	1.555000	-0.022911	8.212434	-1.285575	-0.781000	-0.504575	10.370048	-48677.470802
749992451819.000000 0.006175 4.720505	2.000000	1.740111	0.259889	12.557359	1.532089	1.555000	-0.022911	8.213102	-1.285575	-0.781000	-0.504575	10.384756	-48677.470802
749992464448.000000 0.006079 4.726582	2.000000	1.740111	0.259889	12.564826	1.532089	1.555000	-0.022911	8.213760	-1.285575	-0.781000	-0.504575	10.399253	-48677.470802
749992479208.000000 0.007104 4.733684	2.000000	1.740111	0.259889	12.573566	1.532089	1.555000	-0.022911	8.214530	-1.285575	-0.781000	-0.504575	10.416222	-48677.470802
749992494459.000000 0.007341 4.741023	2.000000	1.740111	0.259889	12.582610	1.532089	1.555000	-0.022911	8.215328	-1.285575	-0.781000	-0.504575	10.433782	-48677.470802
749992507418.000000 0.006237 4.747258	2.000000	1.740111	0.259889	12.590306	1.532089	1.555000	-0.022911	8.216006	-1.285575	-0.781000	-0.504575	10.448723	-48677.470802
749992520429.000000 0.006263 4.753519	2.000000	1.800047	0.199953	12.596258	1.532089	1.607000	-0.074911	8.218236	-1.285575	-0.811000	-0.474575	10.462851	-48677.470802
749992538635.000000 0.008763 4.762281	2.000000	1.800047	0.199953	12.604603	1.532089	1.607000	-0.074911	8.221362	-1.285575	-0.811000	-0.474575	10.482656	-23152.232172
749992552876.000000 0.006854 4.769132	2.000000	1.800047	0.199953	12.611139	1.532089	1.607000	-0.074911	8.223811	-1.285575	-0.811000	-0.474575	10.498168	-23152.232172
749992566377.000000 0.006499 4.775630	2.000000	1.800047	0.199953	12.617345	1.532089	1.607000	-0.074911	8.226136	-1.285575	-0.811000	-0.474575	10.512898	-23152.232172
749992585206.000000 0.009062 4.784690	2.000000	1.800047	0.199953	12.626015	1.532089	1.607000	-0.074911	8.229384	-1.285575	-0.811000	-0.474575	10.533475	-23152.232172
749992597585.000000 0.005958 4.790646	2.000000	1.800047	0.199953	12.631722	1.532089	1.607000	-0.074911	8.231523	-1.285575	-0.811000	-0.474575	10.547021	-23152.232172
749992611111.000000 0.006511 4.797155	2.000000	1.800047	0.199953	12.637967	1.532089	1.607000	-0.074911	8.233862	-1.285575	-0.811000	-0.474575	10.561843	-23152.232172
749992623914.000000 0.006163 4.803315	2.000000	1.800047	0.199953	12.643886	1.532089	1.607000	-0.074911	8.236080	-1.285575	-0.811000	-0.474575	10.575891	-23152.232172
749992637712.000000 0.006641 4.809955	2.000000	1.800047	0.199953	12.650273	1.532089	1.607000	-0.074911	8.238473	-1.285575	-0.811000	-0.474575	10.591051	-23152.232172
749992650769.000000 0.006285 4.816238	2.000000	1.800047	0.199953	12.656325	1.532089	1.607000	-0.074911	8.240740	-1.285575	-0.811000	-0.474575	10.605417	-23152.232172
749992666808.000000 0.007720 4.823957	2.000000	1.800047	0.199953	12.663772	1.532089	1.607000	-0.074911	8.243530	-1.285575	-0.811000	-0.474575	10.623090	-23152.232172
749992680768.000000 0.006719 4.830673	2.000000	1.800047	0.199953	12.670262	1.532089	1.607000	-0.074911	8.245961	-1.285575	-0.811000	-0.474575	10.638493	-23152.232172
749992693365.000000 0.006063 4.836734	2.000000	1.800047	0.199953	12.676125	1.532089	1.607000	-0.074911	8.248158	-1.285575	-0.811000	-0.474575	10.652410	-23152.232172
749992705763.000000 0.005967 4.842700	2.000000	1.800047	0.199953	12.681903	1.532089	1.607000	-0.074911	8.250323	-1.285575	-0.811000	-0.474575	10.666124	-23152.232172
749992718071.000000 0.005924 4.848622	2.000000	1.800047	0.199953	12.687647	1.532089	1.607000	-0.074911	8.252474	-1.285575	-0.811000	-0.474575	10.679755	-23152.232172
749992731721.000000 0.006570 4.855192	2.000000	1.860457	0.139543	12.692098	1.532089	1.658000	-0.125911	8.256491	-1.285575	-0.844000	-0.441575	10.693841	-52260.857002
749992750069.000000 0.008831 4.864023	2.000000	1.860457	0.139543	12.698092	1.532089	1.658000	-0.125911	8.261899	-1.285575	-0.844000	-0.441575	10.712809	-52260.857002
749992768221.000000 0.008737 4.872755	2.000000	1.860457	0.139543	12.704033	1.532089	1.658000	-0.125911	8.267260	-1.285575	-0.844000	-0.441575	10.731608	-52260.857002
749992780722.000000 0.006017 4.878770	2.000000	1.860457	0.139543	12.708129	1.532089	1.658000	-0.125911	8.270956	-1.285575	-0.844000	-0.441575	10.744571	-52260.857002
749992793237.000000 0.006024 4.884792	2.000000	1.860457	0.139543	12.712235	1.532089	1.658000	-0.125911	8.274661	-1.285575	-0.844000	-0.441575	10.757565	-52260.857002
749992805972.000000 0.006129 4.890920	2.000000	1.860457	0.139543	12.716419	1.532089	1.658000	-0.125911	8.278436	-1.285575	-0.844000	-0.441575	10.770803	-52260.857002
749992818604.000000 0.006080 4.896998	2.000000	1.860457	0.139543	12.720574	1.532089	1.658000	-0.125911	8.282185	-1.285575	-0.844000	-0.441575	10.783951	-52260.857002
749992833727.000000 0.007279 4.904276	2.000000	1.860457	0.139543	12.725555	1.532089	1.658000	-0.125911	8.286680	-1.285575	-0.844000	-0.441575	10.799714	-52260.857002
749992851012.000000 0.008319 4.912594	2.000000	1.860457	0.139543	12.731258	1.532089	1.658000	-0.125911	8.291825	-1.285575	-0.844000	-0.441575	10.817761	-52260.857002
749992865004.000000 0.006735 4.919326	2.000000	1.860457	0.139543	12.735881	1.532089	1.658000	-0.125911	8.295997	-1.285575	-0.844000	-0.441575	10.832391	-52260.857002
749992877921.000000 0.006217 4.925541	2.000000	1.860457	0.139543	12.740154	1.532089	1.658000	-0.125911	8.299853	-1.285575	-0.844000	-0.441575	10.845913	-52260.857002
749992890597.000000 0.006102 4.931641	2.000000	1.860457	0.139543	12.744353	1.532089	1.658000	-0.125911	8.303641	-1.285575	-0.844000	-0.441575	10.859200	-52260.857002
749992903438.000000 0.006181 4.937820	2.000000	1.860457	0.139543	12.748612	1.532089	1.658000	-0.125911	8.307484	-1.285575	-0.844000	-0.441575	10.872677	-52260.857002
749992916874.000000 0.006467 4.944285	2.000000	1.860457	0.139543	12.753074	1.532089	1.658000	-0.125911	8.311510	-1.285575	-0.844000	-0.441575	10.886796	-52260.857002
749992933631.000000 0.008066 4.952350	2.000000	1.860457	0.139543	12.758648	1.532089	1.658000	-0.125911	8.316540	-1.285575	-0.844000	-0.441575	10.904435	-52260.857002
